"tag_id","animal_id","animal_taxon","deploy_on_date","deploy_off_date","hunt","prey_p_month","animal_reproductive_condition","animal_sex","hrs_indoors","n_cats","study_site","age_years"
"Tommy-Tag","Tommy","Felis catus",2017-06-03 01:02:09,2017-06-10 02:10:52,TRUE,12.5,"Neutered","m",12.5,2,"UK",11
"Athena","Athena","Felis catus",2017-06-24 01:02:13,2017-06-30 23:59:32,TRUE,3,"Spayed","f",7.5,2,"UK",3
"Ares","Ares","Felis catus",2017-06-24 01:03:57,2017-06-30 23:58:01,FALSE,0,"Neutered","m",7.5,2,"UK",3
"Lola","Lola","Felis catus",2017-06-24 01:18:49,2017-06-30 09:04:40,TRUE,3,"Spayed","f",17.5,1,"UK",10
"Maverick","Maverick","Felis catus",2017-06-25 01:04:35,2017-07-03 09:10:07,TRUE,3,"Neutered","m",12.5,1,"UK",7
"Coco","Coco","Felis catus",2017-06-28 01:02:22,2017-07-05 06:50:04,TRUE,3,"Spayed","f",12.5,2,"UK",7
"Charlie","Charlie","Felis catus",2017-06-28 01:03:33,2017-07-04 07:08:31,TRUE,3,"Neutered","m",12.5,3,"UK",6
"Jago","Jago","Felis catus",2017-06-28 04:10:59,2017-07-04 02:50:05,TRUE,17.5,"Neutered","m",7.5,4,"UK",2
"Morpheus-Tag","Morpheus","Felis catus",2017-07-01 01:02:18,2017-07-09 06:39:05,TRUE,3,"Neutered","m",2.5,2,"UK",4
"Nettle-Tag","Nettle","Felis catus",2017-07-01 01:05:50,2017-07-08 00:05:12,TRUE,7.5,"Spayed","f",12.5,2,"UK",4
"Meg-Tag","Meg","Felis catus",2017-07-02 01:02:43,2017-07-09 00:36:13,TRUE,3,"Unneutered","f",12.5,1,"UK",8
"Friday","Friday","Felis catus",2017-07-02 07:28:08,2017-07-07 21:56:16,TRUE,0.5,"Neutered","m",7.5,1,"UK",1
"Carbonel-Tag","Carbonel","Felis catus",2017-07-07 01:01:46,2017-07-14 02:51:28,TRUE,0,"Neutered","m",17.5,1,"UK",8
"Fonzie-Tag","Fonzie","Felis catus",2017-07-08 01:02:02,2017-07-15 08:10:04,TRUE,0.5,"Neutered","m",12.5,2,"UK",10
"Jessy-Tag","Jessy","Felis catus",2017-07-08 01:02:52,2017-07-08 13:12:54,TRUE,3,"Spayed","f",12.5,1,"UK",11
"Barney-Tag","Barney","Felis catus",2017-07-08 01:16:36,2017-07-15 07:20:01,TRUE,0.5,"Neutered","m",12.5,2,"UK",11
"Sparky-Tag","Sparky","Felis catus",2017-07-08 02:36:48,2017-07-15 01:56:49,TRUE,0.5,"Spayed","f",7.5,4,"UK",8
"Indie-Tag","Indie","Felis catus",2017-07-09 01:03:00,2017-07-16 09:33:00,TRUE,0.5,"Neutered","m",17.5,2,"UK",3
"Whiskey-Tag","Whiskey","Felis catus",2017-07-09 01:04:12,2017-07-16 03:11:05,TRUE,0.5,"Neutered","m",17.5,1,"UK",5
"Rusty-Tag","Rusty","Felis catus",2017-07-09 02:19:00,2017-07-16 00:34:00,TRUE,3,"Neutered","m",17.5,1,"UK",4
"Mifty-Tag","Mifty","Felis catus",2017-07-13 01:01:00,2017-07-20 00:31:00,TRUE,12.5,"Spayed","f",7.5,1,"UK",2
"Wilfred-Tag","Wilfred","Felis catus",2017-07-13 01:01:06,2017-07-20 01:19:06,FALSE,0,"Neutered","m",7.5,1,"UK",6
"Poppet-Tag","Poppet","Felis catus",2017-07-13 01:02:57,2017-07-19 20:52:53,TRUE,3,"Spayed","f",22.5,3,"UK",10
"Pussy-Tag","Pussy","Felis catus",2017-07-13 01:05:34,2017-07-20 16:06:52,TRUE,3,"Neutered","m",2.5,3,"UK",2
"Henry-Tag","Henry","Felis catus",2017-07-14 01:02:00,2017-07-21 00:04:00,TRUE,0,"Neutered","m",7.5,1,"UK",8
"Winnie-Tag","Winnie","Felis catus",2017-07-16 01:02:02,2017-07-23 00:11:53,TRUE,3,"Neutered","m",12.5,1,"UK",12
"Tom-Tag","Tom","Felis catus",2017-07-16 01:02:32,2017-07-24 04:47:12,TRUE,12.5,"Spayed","f",12.5,2,"UK",3
"Lady T-Tag","Lady T","Felis catus",2017-07-16 01:03:04,2017-07-23 15:06:46,TRUE,3,"Neutered","m",12.5,3,"UK",2
"Bella-Tag","Bella","Felis catus",2017-07-16 01:46:58,2017-07-24 05:18:52,TRUE,7.5,"Spayed","f",12.5,2,"UK",3
"Ladyboyhawke-Tag","Ladyboyhawke","Felis catus",2017-07-16 22:26:56,2017-07-22 01:36:51,TRUE,3,"Spayed","f",17.5,2,"UK",5
"Charlie2-Tag","Charlie2","Felis catus",2017-07-17 01:01:00,2017-07-23 00:05:00,TRUE,3,"Neutered","m",12.5,2,"UK",9
"Max-Tag","Max","Felis catus",2017-07-17 01:03:30,2017-07-23 05:19:13,TRUE,3,"Neutered","m",12.5,3,"UK",5
"Ebby-Tag","Ebby","Felis catus",2017-07-20 01:02:02,2017-07-27 00:05:31,TRUE,3,"Spayed","f",17.5,2,"UK",10
"Bear-Tag","Bear","Felis catus",2017-07-20 01:03:19,2017-07-27 04:17:28,TRUE,3,"Neutered","m",12.5,2,"UK",6
"Bumbles-Tag","Bumbles","Felis catus",2017-07-20 03:06:34,2017-07-27 00:08:54,TRUE,3,"Spayed","f",12.5,2,"UK",12
"Chloe-Tag","Chloe","Felis catus",2017-07-20 03:29:22,2017-07-26 19:25:50,TRUE,3,"Spayed","f",17.5,2,"UK",7
"Merlin-Tag","Merlin","Felis catus",2017-07-20 09:25:37,2017-07-27 00:24:39,TRUE,7.5,"Neutered","m",12.5,1,"UK",5
"Felix-Tag","Felix","Felis catus",2017-07-22 01:02:05,2017-07-26 00:50:28,TRUE,3,"Neutered","m",22.5,1,"UK",4
"Beanie-Tag","Beanie","Felis catus",2017-07-22 01:02:42,2017-07-29 09:52:37,TRUE,0,"Neutered","m",17.5,4,"UK",4
"Sid-Tag","Sid","Felis catus",2017-07-22 01:04:12,2017-07-29 10:23:55,TRUE,17.5,"Spayed","f",7.5,1,"UK",4
"Binky-Tag","Binky","Felis catus",2017-07-22 01:06:16,2017-07-28 15:28:57,TRUE,0,"Neutered","m",17.5,4,"UK",4
"Amber-Tag","Amber","Felis catus",2017-07-28 01:03:24,2017-08-04 00:07:52,TRUE,3,"Unneutered","f",7.5,4,"UK",4
"Ernie-Tag","Ernie","Felis catus",2017-07-28 01:05:56,2017-08-04 02:03:41,TRUE,3,"Neutered","m",7.5,4,"UK",1
"Bits-Tag","Bits","Felis catus",2017-07-29 01:02:11,2017-07-31 00:44:00,TRUE,3,"Spayed","f",2.5,3,"UK",13
"Maxwell-Tag","Maxwell","Felis catus",2017-07-29 01:02:12,2017-08-08 03:58:11,TRUE,17.5,"Neutered","m",7.5,1,"UK",6
"Lightening Bugg-Tag","Lightening Bugg","Felis catus",2017-07-29 01:02:49,2017-08-03 03:57:58,FALSE,0,"Neutered","m",12.5,2,"UK",0
"Bobs-Tag","Bobs","Felis catus",2017-07-29 05:36:35,2017-08-05 09:25:34,TRUE,3,"Spayed","f",7.5,3,"UK",13
"Carrots-Tag","Carrots","Felis catus",2017-08-25 01:01:32,2017-09-01 19:04:26,TRUE,17.5,"Neutered","m",7.5,4,"UK",3
"Smudge-Tag","Smudge","Felis catus",2017-08-25 01:01:47,2017-09-01 03:03:32,TRUE,3,"Neutered","m",7.5,1,"UK",3
"Magic-Tag","Magic","Felis catus",2017-08-25 01:02:00,2017-08-25 17:06:00,TRUE,3,"Spayed","f",12.5,3,"UK",3
"Spike-Tag","Spike","Felis catus",2017-08-25 01:02:29,2017-09-01 07:59:53,TRUE,7.5,"Neutered","m",12.5,1,"UK",0
"Dory-Tag","Dory","Felis catus",2017-08-25 01:03:23,2017-09-01 00:05:31,TRUE,0.5,"Not fixed","f",7.5,2,"UK",1
"Tigger-Tag","Tigger","Felis catus",2017-08-25 01:04:55,2017-09-01 01:46:12,TRUE,0.5,"Neutered","m",7.5,1,"UK",3
"Jago2-Tag","Jago2","Felis catus",2017-08-25 01:05:18,2017-09-01 18:46:54,TRUE,0,"Neutered","m",12.5,1,"UK",2
"Frank-Tag","Frank","Felis catus",2017-08-25 01:05:44,2017-09-01 00:08:15,TRUE,3,"Neutered","m",7.5,1,"UK",4
"Skye-Tag","Skye","Felis catus",2017-08-25 01:22:22,2017-09-01 08:15:26,TRUE,0.5,"Neutered","m",12.5,4,"UK",5
"Jezebel-Tag","Jezebel","Felis catus",2017-08-25 01:50:01,2017-09-01 07:58:22,FALSE,0,"Spayed","f",17.5,4,"UK",14
"Boots-Tag","Boots","Felis catus",2017-08-25 02:00:08,2017-08-31 04:48:28,TRUE,0,"Spayed","f",22.5,4,"UK",16
"Smudge_2-Tag","Smudge_2","Felis catus",2017-08-25 06:15:27,2017-09-01 06:45:20,TRUE,0.5,"Neutered","m",17.5,3,"UK",7
"Frank_2-Tag","Frank_2","Felis catus",2017-08-26 01:03:01,2017-09-02 08:21:37,TRUE,0,"Neutered","m",7.5,4,"UK",7
"Freya-Tag","Freya","Felis catus",2017-08-27 01:45:09,2017-09-03 02:08:49,TRUE,0.5,"Spayed","f",12.5,3,"UK",4
"Spot-Tag","Spot","Felis catus",2017-08-27 02:19:45,2017-09-02 06:37:17,TRUE,17.5,"Neutered","m",7.5,4,"UK",2
"Tipsy-Tag","Tipsy","Felis catus",2017-08-28 15:39:12,2017-09-04 09:49:38,FALSE,0,"Spayed","f",17.5,1,"UK",0
"Flash-Tag","Flash","Felis catus",2017-08-28 23:51:55,2017-09-04 10:28:59,TRUE,3,"Spayed","f",17.5,2,"UK",3
"Gracie-Tag","Gracie","Felis catus",2017-09-07 05:02:00,2017-09-12 15:32:00,TRUE,0,"Spayed","f",22.5,1,"UK",2
"Teddy-Tag","Teddy","Felis catus",2017-09-10 01:46:42,2017-09-13 07:46:11,TRUE,0.5,"Spayed","f",12.5,3,"UK",9
"Marley-Tag","Marley","Felis catus",2017-09-10 11:02:26,2017-09-15 19:54:44,TRUE,0.5,"Neutered","m",7.5,1,"UK",1
"Guinness-Tag","Guinness","Felis catus",2017-09-13 18:02:02,2017-09-18 00:05:25,TRUE,3,"Neutered","m",17.5,1,"UK",7
"Reggie-Tag","Reggie","Felis catus",2017-09-17 01:02:50,2017-09-24 00:52:32,TRUE,7.5,"Spayed","f",12.5,3,"UK",8
"Jessie-Tag","Jessie","Felis catus",2017-09-17 01:04:18,2017-10-16 00:05:36,TRUE,3,"Spayed","f",7.5,1,"UK",5
"Roger-Tag","Roger","Felis catus",2017-09-17 01:05:12,2017-09-23 23:57:00,TRUE,0.5,"Neutered","m",17.5,2,"UK",6
"Gracie_2-Tag","Gracie_2","Felis catus",2017-09-17 01:21:38,2017-09-22 16:15:14,TRUE,0.5,"Spayed","f",17.5,2,"UK",6
"Dexter-Tag","Dexter","Felis catus",2017-09-17 01:34:47,2017-09-24 07:35:18,TRUE,3,"Neutered","m",12.5,1,"UK",3
"Tilly-Tag","Tilly","Felis catus",2017-09-17 02:53:42,2017-09-24 04:27:01,TRUE,3,"Spayed","f",12.5,3,"UK",5
"Balu-Tag","Balu","Felis catus",2017-09-18 01:03:13,2017-09-25 05:39:45,TRUE,3,"Spayed","f",2.5,1,"UK",7
"Missy-Tag","Missy","Felis catus",2017-09-18 06:57:14,2017-09-25 06:46:02,TRUE,3,"Spayed","f",7.5,2,"UK",3
"Dexter2-Tag","Dexter2","Felis catus",2017-09-23 17:31:52,2017-09-29 05:09:59,TRUE,0,"Neutered","m",2.5,1,"UK",1
"Fairclough-Tag","Fairclough","Felis catus",2017-09-24 01:02:32,2017-10-01 00:31:25,TRUE,0,"Neutered","m",17.5,2,"UK",4
"Keegan-Tag","Keegan","Felis catus",2017-09-24 01:03:02,2017-09-30 14:41:30,TRUE,3,"Not fixed","m",7.5,2,"UK",3
"Maggie-Tag","Maggie","Felis catus",2017-09-25 01:03:24,2017-10-02 17:22:57,FALSE,0,"Spayed","f",22.5,2,"UK",3
"Lily-Tag","Lily","Felis catus",2017-09-25 01:03:54,2017-10-02 14:57:31,FALSE,0,"Spayed","f",22.5,2,"UK",9
"Abba-Tag","Abba","Felis catus",2017-09-25 01:19:26,2017-10-02 11:04:58,TRUE,3,"Spayed","f",7.5,2,"UK",3
"Worf-Tag","Worf","Felis catus",2017-09-25 01:20:25,2017-09-30 13:12:47,TRUE,7.5,"Spayed","f",2.5,2,"UK",8
"Pants-Tag","Pants","Felis catus",2017-09-28 01:02:00,2017-10-03 10:45:33,FALSE,0,"Neutered","m",12.5,3,"UK",8
"Jim-Tag","Jim","Felis catus",2017-09-28 01:02:04,2017-10-04 13:42:17,TRUE,3,"Spayed","f",12.5,3,"UK",8
"Lucy-Tag","Lucy","Felis catus",2017-09-29 00:01:13,2017-10-06 00:44:55,TRUE,0.5,"Spayed","f",17.5,1,"UK",5
"Macaulay Mccat-Tag","Macaulay Mccat","Felis catus",2017-09-29 07:01:28,2017-10-26 16:51:39,TRUE,17.5,"Spayed","f",2.5,2,"UK",6
"Neil-Tag","Neil","Felis catus",2017-09-30 04:28:02,2017-10-07 00:04:54,FALSE,0,"Neutered","m",7.5,1,"UK",7
"Siberia-Tag","Siberia","Felis catus",2017-10-09 01:01:51,2017-10-16 00:06:01,TRUE,3,"Neutered","m",7.5,2,"UK",8
"Moscow-Tag","Moscow","Felis catus",2017-10-23 01:02:09,2017-10-30 02:21:44,TRUE,0.5,"Neutered","m",12.5,2,"UK",1
"Neva-Tag","Neva","Felis catus",2017-10-23 01:03:54,2017-10-31 00:09:51,TRUE,0,"Spayed","f",17.5,2,"UK",4
"Alfie-Tag","Alfie","Felis catus",2017-10-23 01:03:54,2017-10-30 10:20:43,TRUE,3,"Neutered","m",7.5,2,"UK",3
"Casper-Tag","Casper","Felis catus",2017-10-30 01:02:13,2017-11-06 05:08:45,TRUE,0.5,"Neutered","m",12.5,4,"UK",6
"Ginge-Tag","Ginge","Felis catus",2017-10-30 01:05:07,2017-11-07 19:55:30,TRUE,17.5,"Neutered","m",2.5,2,"UK",3
"Jasper-Tag","Jasper","Felis catus",2017-11-18 01:46:24,2017-11-25 01:11:30,TRUE,12.5,"Neutered","m",7.5,1,"UK",2
"Charlie3-Tag","Charlie3","Felis catus",2017-11-20 01:16:41,2017-11-26 00:38:20,TRUE,7.5,"Unneutered","m",12.5,2,"UK",5
"Millie-Tag","Millie","Felis catus",2017-11-20 01:38:55,2017-11-27 00:09:29,TRUE,7.5,"Spayed","f",12.5,2,"UK",3
"SmokeyLongnose-Tag","SmokeyLongnose","Felis catus",2017-11-20 01:47:42,2017-11-27 02:53:41,TRUE,0.5,"Spayed","f",7.5,2,"UK",9
"CJ-Tag","CJ","Felis catus",2017-11-24 06:48:32,2017-11-29 03:44:48,TRUE,0.5,"Neutered","m",22.5,2,"UK",5
"Seb-Tag","Seb","Felis catus",2017-11-24 09:43:09,2017-11-30 00:52:55,TRUE,3,"Neutered","m",12.5,2,"UK",3
"Gingernut","Gingernut","Felis catus",1970-01-01 04:07:00,1970-01-02 08:43:00,TRUE,4,"Neutered","m",2,0,"NZ",2
"TabithaTag","Tabitha","Felis catus",1970-01-01 01:55:00,1970-01-01 00:22:00,TRUE,4,"Spayed","f",10,0,"NZ",1
"KittyTag","Kitty","Felis catus",1970-01-01 02:40:00,1970-01-03 05:06:00,TRUE,4,"Spayed","f",8,0,"NZ",14
"MurphyTag","Murphy","Felis catus",1970-01-01 03:10:00,1970-01-03 00:30:00,TRUE,4,"Neutered","m",8,0,"NZ",5
"PandaTag","Panda","Felis catus",1970-01-02 23:26:00,1970-01-01 18:52:00,TRUE,4,"Spayed","f",10,0,"NZ",3
"FritzTag","Fritz","Felis catus",1970-01-01 01:43:00,1970-01-01 07:03:00,TRUE,4,"Neutered","m",12,0,"NZ",7
"BanzaiTag","Banzai","Felis catus",1970-01-01 02:32:00,1970-01-02 01:50:00,TRUE,4,"Neutered","m",15,0,"NZ",3
"NekoTag","Neko","Felis catus",1970-01-01 03:41:00,1970-01-01 11:28:00,TRUE,4,"Neutered","m",5,0,"NZ",2
"MogadonTag","Mogadon","Felis catus",1970-01-01 04:05:00,1970-01-01 17:19:00,FALSE,4,"Spayed","f",23,0,"NZ",9
"SkyTag","Sky","Felis catus",1970-01-01 02:18:00,1970-01-01 08:26:00,TRUE,4,"Neutered","m",18,0,"NZ",6
"PussumsTag","Pussums","Felis catus",1970-01-01 03:12:00,1970-01-02 16:58:00,TRUE,4,"Neutered","m",4,0,"NZ",5
"SmudgeTag","Smudge","Felis catus",1970-01-01 00:17:00,1970-01-03 09:44:00,TRUE,4,"Neutered","m",10,0,"NZ",4
"TacoTag","Taco","Felis catus",1970-01-01 01:41:00,1970-01-02 14:15:00,TRUE,4,"Neutered","m",8,0,"NZ",1
"TiggerTag","Tigger","Felis catus",1970-01-01 02:03:00,1970-01-01 01:48:00,TRUE,4,"Neutered","m",8,0,"NZ",6
"SpecklesTag","Speckles1","Felis catus",1970-01-01 02:32:00,1970-01-02 19:01:00,TRUE,4,"Spayed","f",6,0,"NZ",0.8
"MuffinTag","Muffin","Felis catus",1970-01-01 02:26:00,1970-01-03 07:06:00,FALSE,4,"Spayed","f",15,0,"NZ",9
"MollyTag","Molly","Felis catus",1970-01-01 20:56:00,1970-01-03 05:16:00,FALSE,4,"Spayed","f",12,0,"NZ",8
"FlossTag","Floss","Felis catus",1970-01-01 05:28:00,1970-01-01 00:19:00,TRUE,4,"Spayed","f",12,0,"NZ",1
"JinxTag","Jinx","Felis catus",1970-01-01 00:56:00,1970-01-02 08:15:00,TRUE,4,"Neutered","m",20,0,"NZ",8
"AvaTag","Ava","Felis catus",1970-01-01 02:06:00,1970-01-02 07:38:00,TRUE,4,"Spayed","f",20,0,"NZ",2
"AllieTag","Allie","Felis catus",1970-01-01 00:16:00,1970-01-01 02:35:00,TRUE,4,"Spayed","f",6,0,"NZ",8
"JessTag","Jess","Felis catus",1970-01-01 01:06:00,1970-01-02 22:46:00,TRUE,4,"Spayed","f",12,0,"NZ",11
"Timmy1Tag","Timmy1","Felis catus",1970-01-01 01:36:00,1970-01-03 00:52:00,TRUE,4,"Neutered","m",12,0,"NZ",1
"TeddyTag","Teddy","Felis catus",1970-01-01 01:53:00,1970-01-02 21:09:00,FALSE,4,"Neutered","m",15,0,"NZ",5
"AresTag","Ares","Felis catus",1970-01-01 02:32:00,1970-01-03 03:47:00,FALSE,4,"Neutered","m",14,0,"NZ",14
"TheoTag","Theo","Felis catus",1970-01-01 02:25:00,1970-01-02 03:56:00,TRUE,4,"Neutered","m",22,0,"NZ",5
"NikoTag","Niko","Felis catus",1970-01-01 14:23:00,1970-01-01 23:23:00,TRUE,4,"Neutered","m",10,0,"NZ",1
"Maximus1Tag","Maximus1","Felis catus",1970-01-01 18:52:00,1970-01-01 16:50:00,FALSE,4,"Neutered","m",23,0,"NZ",0.3
"Babs1Tag","Babs1","Felis catus",1970-01-01 02:18:00,1970-01-02 14:07:00,TRUE,4,"Spayed","f",14,0,"NZ",0.4
"KiriTag","Kiri","Felis catus",1970-01-02 23:50:00,1970-01-02 17:18:00,TRUE,4,"Spayed","f",12,0,"NZ",0.8
"LucyTag","Lucy","Felis catus",1970-01-01 05:52:00,1970-01-01 05:25:00,FALSE,4,"Spayed","f",6,0,"NZ",7
"ZeusTag","Zeus","Felis catus",1970-01-01 03:27:00,1970-01-03 08:04:00,TRUE,4,"Neutered","m",10,0,"NZ",1
"DelphiTag","Delphi","Felis catus",1970-01-01 07:07:00,1970-01-03 06:41:00,TRUE,4,"Spayed","f",10,0,"NZ",1
"HufferTag","Huffer","Felis catus",1970-01-01 02:59:00,1970-01-01 08:30:00,FALSE,4,"Neutered","m",12,0,"NZ",7
"PoppyTag","Poppy","Felis catus",1970-01-01 02:17:00,1970-01-03 07:01:00,FALSE,4,"Spayed","f",23,0,"NZ",16
"MontyTag","Monty","Felis catus",1970-01-01 02:14:00,1970-01-01 12:15:00,FALSE,4,"Neutered","m",16,0,"NZ",2
"TysonTag","Tyson","Felis catus",1970-01-03 08:39:00,1970-01-01 17:04:00,TRUE,4,"Neutered","m",5,0,"NZ",8
"SophiaTag","Sophia","Felis catus",1970-01-01 01:21:00,1970-01-01 16:58:00,TRUE,4,"Spayed","f",10,0,"NZ",3
"PoppyIITag","PoppyII","Felis catus",1970-01-01 01:58:00,1970-01-02 14:47:00,FALSE,4,"Spayed","f",6,0,"NZ",15
"YasasTag","Yasas","Felis catus",1970-01-01 00:09:00,1970-01-03 05:45:00,FALSE,4,"Neutered","m",20,0,"NZ",9
"MabelTag","Mabel","Felis catus",1970-01-01 00:19:00,1970-01-01 22:36:00,TRUE,4,"Spayed","f",14,0,"NZ",3
"ColinTag","Colin","Felis catus",1970-01-01 01:50:00,1970-01-01 15:45:00,FALSE,4,"Neutered","m",8,0,"NZ",3
"MaxTag","Max","Felis catus",1970-01-01 01:52:00,1970-01-03 10:25:00,TRUE,4,"Neutered","m",20,0,"NZ",1
"PercyTag","Percy","Felis catus",1970-01-01 17:57:00,1970-01-03 08:52:00,TRUE,4,"Neutered","m",8,0,"NZ",9
"KaosTag","Kaos","Felis catus",1970-01-01 00:17:00,1970-01-01 21:41:00,TRUE,4,"Neutered","m",4,0,"NZ",7
"OkieTag","Okie","Felis catus",1970-01-01 00:19:00,1970-01-01 11:59:00,TRUE,4,"Spayed","f",16,0,"NZ",1
"RiggsTag","Riggs","Felis catus",1970-01-01 01:44:00,1970-01-03 06:05:00,TRUE,4,"Neutered","m",14,0,"NZ",1
"NalaTag","Nala","Felis catus",1970-01-01 02:04:00,1970-01-01 07:16:00,TRUE,4,"Spayed","f",8,0,"NZ",1
"AslanTag","Aslan","Felis catus",1970-01-01 02:16:00,1970-01-02 02:29:00,FALSE,4,"Neutered","m",15,0,"NZ",11
"MuffinIITag","MuffinII","Felis catus",1970-01-02 21:02:00,1970-01-02 10:17:00,TRUE,4,"Spayed","f",18,0,"NZ",4
"SylvesterTag","Sylvester","Felis catus",1970-01-01 00:52:00,1970-01-01 16:03:00,TRUE,4,"Neutered","m",10,0,"NZ",7
"CharlieTag","Charlie","Felis catus",1970-01-01 02:31:00,1970-01-02 20:08:00,FALSE,4,"Neutered","m",20,0,"NZ",1
"KyroTag","Kyro","Felis catus",1970-01-01 04:45:00,1970-01-02 04:44:00,FALSE,4,"Neutered","m",12,0,"NZ",11
"MontyIITag","MontyII","Felis catus",1970-01-01 17:14:00,1970-01-02 23:11:00,TRUE,4,"Neutered","m",10,0,"NZ",1
"BootsTag","Boots","Felis catus",1970-01-02 06:01:00,1970-01-02 18:16:00,FALSE,4,"Spayed","f",12,0,"NZ",2
"RichieTag","Richie","Felis catus",1970-01-01 02:51:00,1970-01-02 15:16:00,TRUE,4,"Neutered","m",4,0,"NZ",3
"GeorgeTag","George","Felis catus",1970-01-03 11:48:00,1970-01-02 10:01:00,TRUE,4,"Neutered","m",15,0,"NZ",9
"SamanthaTag","Samantha","Felis catus",1970-01-01 02:35:00,1970-01-02 23:18:00,TRUE,4,"Spayed","f",21,0,"NZ",9
"MaggieTag","Maggie","Felis catus",1970-01-01 02:50:00,1970-01-03 11:14:00,TRUE,4,"Spayed","f",15,0,"NZ",4
"MaddieTag","Maddie","Felis catus",1970-01-01 04:25:00,1970-01-01 08:09:00,FALSE,4,"Spayed","f",12,0,"NZ",4
"CarinaTag","Carina","Felis catus",1970-01-01 04:55:00,1970-01-01 17:45:00,TRUE,4,"Spayed","f",18,0,"NZ",2
"HappyFeetTag","HappyFeet","Felis catus",1970-01-01 08:48:00,1970-01-03 04:19:00,TRUE,4,"Neutered","m",10,0,"NZ",4
"ChilliTag","Chilli","Felis catus",1970-01-01 02:33:00,1970-01-02 20:31:00,TRUE,4,"Neutered","m",22,0,"NZ",1
"TinaTag","Tina","Felis catus",1970-01-01 02:38:00,1970-01-01 10:15:00,TRUE,4,"Spayed","f",5,0,"NZ",4
"CornflakeTag","Cornflake","Felis catus",1970-01-01 18:09:00,1970-01-01 18:59:00,TRUE,4,"Spayed","f",10,0,"NZ",3
"PharosTag","Pharos","Felis catus",1970-01-01 01:58:00,1970-01-03 03:36:00,TRUE,4,"Spayed","f",8,0,"NZ",8
"BaileeTag","Bailee","Felis catus",1970-01-01 01:59:00,1970-01-01 02:04:00,FALSE,4,"Neutered","m",2,0,"NZ",8
"ApplesTag","Apples","Felis catus",1970-01-01 02:33:00,1970-01-02 10:20:00,TRUE,4,"Spayed","f",10,0,"NZ",10
"HenryTag","Henry","Felis catus",1970-01-01 01:55:00,1970-01-02 05:11:00,TRUE,4,"Neutered","m",4,0,"NZ",6
"MarleyTag","Marley","Felis catus",1970-01-01 02:55:00,1970-01-02 08:22:00,TRUE,4,"Neutered","m",5,0,"NZ",3
"LunaTag","Luna","Felis catus",1970-01-01 02:09:00,1970-01-01 03:23:00,TRUE,4,"Spayed","f",8,0,"NZ",2
"MilkshakesTag","Milkshakes","Felis catus",1970-01-01 02:31:00,1970-01-02 00:30:00,TRUE,4,"Neutered","m",8,0,"NZ",3
"MidnightTag","Midnight","Felis catus",1970-01-01 02:34:00,1970-01-03 02:54:00,TRUE,4,"Spayed","f",6,0,"NZ",6
"BellaIITag","BellaII","Felis catus",1970-01-01 02:43:00,1970-01-01 05:32:00,TRUE,4,"Spayed","f",19,0,"NZ",8
"SkittlesTag","Skittles","Felis catus",1970-01-01 02:35:00,1970-01-01 03:26:00,TRUE,4,"Spayed","f",5,0,"NZ",2
"BellaTag","Bella","Felis catus",1970-01-01 00:44:00,1970-01-01 17:25:00,FALSE,4,"Spayed","f",20,0,"NZ",4
"PennyTag","Penny","Felis catus",1970-01-01 02:05:00,1970-01-03 04:15:00,TRUE,4,"Spayed","f",10,0,"NZ",1
"NougieTag","Nougie","Felis catus",1970-01-01 02:04:00,1970-01-01 11:46:00,TRUE,4,"Spayed","f",10,0,"NZ",12
"IzzieTag","Izzie","Felis catus",1970-01-01 04:38:00,1970-01-01 19:55:00,FALSE,4,"Spayed","f",12,0,"NZ",1
"MokaTag","Moka","Felis catus",1970-01-01 18:56:00,1970-01-01 00:59:00,TRUE,4,"Spayed","f",12,0,"NZ",4
"SniferTag","Snifer","Felis catus",1970-01-01 13:36:00,1970-01-02 06:39:00,TRUE,4,"Spayed","f",13,0,"NZ",5
"JinglesTag","Jingles","Felis catus",1970-01-01 16:19:00,1970-01-01 03:25:00,TRUE,4,"Spayed","f",12,0,"NZ",7
"EllieTag","Ellie","Felis catus",1970-01-03 03:57:00,1970-01-01 01:14:00,TRUE,4,"Spayed","f",22,0,"NZ",8
"AshTag","Ash","Felis catus",1970-01-02 07:03:00,1970-01-02 00:57:00,TRUE,4,"Neutered","m",18,0,"NZ",8
"TigerTag","Tiger","Felis catus",1970-01-01 01:55:00,1970-01-01 04:57:00,TRUE,4,"Neutered","m",16,0,"NZ",1
"OllieTag","Ollie","Felis catus",1970-01-01 00:50:00,1970-01-02 04:10:00,TRUE,4,"Neutered","m",12,0,"NZ",2
"RogerTag","Roger","Felis catus",1970-01-01 03:44:00,1970-01-02 05:27:00,TRUE,4,"Neutered","m",16,0,"NZ",0.2
"RosieTag","Rosie","Felis catus",1970-01-03 01:18:00,1970-01-01 09:03:00,FALSE,4,"Spayed","f",16,0,"NZ",0.2
"McIvorTag","McIvor","Felis catus",1970-01-01 02:21:00,1970-01-01 22:27:00,FALSE,4,"Neutered","m",22,0,"NZ",10
"SpudTag","Spud","Felis catus",1970-01-01 03:37:00,1970-01-03 06:25:00,FALSE,4,"Spayed","f",8,0,"NZ",10
"NimzyTag","Nimzy","Felis catus",1970-01-01 03:58:00,1970-01-01 03:41:00,FALSE,4,"Spayed","f",12,0,"NZ",4
"SabbathTag","Sabbath","Felis catus",1970-01-01 04:16:00,1970-01-02 14:25:00,TRUE,4,"Neutered","m",16,0,"NZ",9
"BrambleTag","Bramble","Felis catus",1970-01-03 00:28:00,1970-01-01 09:59:00,TRUE,4,"Spayed","f",16,0,"NZ",3
"BellaIIITag","BellaIII","Felis catus",1970-01-01 00:59:00,1970-01-03 05:44:00,TRUE,4,"Spayed","f",10,0,"NZ",4
"LennyTag","Lenny","Felis catus",1970-01-01 02:15:00,1970-01-01 11:35:00,TRUE,4,"Neutered","m",10,0,"NZ",1
"ZuluTag","Zulu","Felis catus",1970-01-01 17:42:00,1970-01-01 19:53:00,TRUE,4,"Spayed","f",14,0,"NZ",4
"LillyTag","Lilly","Felis catus",1970-01-01 18:28:00,1970-01-02 02:59:00,TRUE,4,"Spayed","f",10,0,"NZ",3
"TerabyteTag","Terabyte","Felis catus",1970-01-01 21:56:00,1970-01-01 22:46:00,TRUE,4,"Spayed","f",12,0,"NZ",1
"PiggieSueTag","PiggieSue","Felis catus",1970-01-01 02:50:00,1970-01-03 07:36:00,TRUE,4,"Spayed","f",6,0,"NZ",0.8
"NekoIITag","NekoII","Felis catus",1970-01-01 02:34:00,1970-01-03 10:27:00,TRUE,4,"Spayed","f",6,0,"NZ",4
"RogueTag","Rogue","Felis catus",1970-01-01 02:51:00,1970-01-02 03:58:00,TRUE,4,"Spayed","f",8,0,"NZ",6
"LorenzoTag","Lorenzo","Felis catus",1970-01-01 07:07:00,1970-01-01 08:39:00,TRUE,4,"Neutered","m",15,0,"NZ",2
"BasilTag","Basil","Felis catus",1970-01-01 14:31:00,1970-01-01 15:21:00,TRUE,4,"Neutered","m",8,0,"NZ",9
"BuzzTag","Buzz","Felis catus",1970-01-01 06:08:00,1970-01-02 21:46:00,TRUE,4,"Neutered","m",15,0,"NZ",2
"CookieTag","Cookie","Felis catus",1970-01-01 01:50:00,1970-01-01 06:09:00,TRUE,4,"Spayed","f",8,0,"NZ",3
"TenzingTag","Tenzing","Felis catus",1970-01-02 04:38:00,1970-01-03 06:28:00,TRUE,4,"Spayed","f",14,0,"NZ",3
"DottiTag","Dotti","Felis catus",1970-01-01 00:55:00,1970-01-02 03:27:00,TRUE,4,"Spayed","f",18,0,"NZ",7
"PoppyIIITag","PoppyIII","Felis catus",1970-01-01 03:12:00,1970-01-02 19:00:00,TRUE,4,"Spayed","f",2,0,"NZ",14
"EwokTag","Ewok","Felis catus",1970-01-01 05:26:00,1970-01-02 13:26:00,TRUE,4,"Unneutered","m",10,0,"NZ",2
"GertieTag","Gertie","Felis catus",1970-01-02 07:47:00,1970-01-01 09:50:00,TRUE,4,"Spayed","f",15,0,"NZ",2
"ElliotTag","Elliot","Felis catus",1970-01-01 20:21:00,1970-01-02 15:13:00,TRUE,4,"Neutered","m",9,0,"NZ",2
"MosesTag","Moses","Felis catus",1970-01-01 19:28:00,1970-01-01 11:41:00,TRUE,4,"Neutered","m",12,0,"NZ",2
"NalaIITag","NalaII","Felis catus",1970-01-02 01:04:00,1970-01-02 05:57:00,TRUE,4,"Spayed","f",10,0,"NZ",2
"BonnieTag","Bonnie","Felis catus",1970-01-03 01:25:00,1970-01-01 23:58:00,FALSE,4,"Spayed","f",12,0,"NZ",8
"SmudgyBumTag","SmudgyBum","Felis catus",1970-01-02 16:48:00,1970-01-02 08:47:00,TRUE,4,"Neutered","m",2,0,"NZ",9
"SativaTag","Sativa","Felis catus",1970-01-02 09:09:00,1970-01-01 01:34:00,TRUE,4,"Neutered","m",6,0,"NZ",5
"SantiTag","Santi","Felis catus",1970-01-01 03:25:00,1970-01-01 22:58:00,TRUE,4,"Spayed","f",11,0,"NZ",2
"PalomaTag","Paloma","Felis catus",1970-01-01 04:21:00,1970-01-01 06:52:00,TRUE,4,"Spayed","f",16,0,"NZ",2
"PepperTag","Pepper","Felis catus",1970-01-01 12:34:00,1970-01-03 03:11:00,FALSE,4,"Spayed","f",22,0,"NZ",10
"MaomaoTag","Maomao","Felis catus",1970-01-01 02:32:00,1970-01-03 00:18:00,FALSE,4,"Neutered","m",4,0,"NZ",8
"NuggetTag","Nugget","Felis catus",1970-01-01 02:06:00,1970-01-02 15:30:00,TRUE,4,"Spayed","f",18,0,"NZ",6
"CatsbyTag","Catsby","Felis catus",1970-01-01 02:26:00,1970-01-01 07:24:00,TRUE,4,"Spayed","f",12,0,"NZ",5
"FelixTag","Felix","Felis catus",1970-01-01 02:27:00,1970-01-03 10:48:00,TRUE,4,"Neutered","m",8,0,"NZ",7
"AstrylTag","Astryl","Felis catus",1970-01-01 02:41:00,1970-01-01 09:47:00,TRUE,4,"Spayed","f",12,0,"NZ",12
"CasperTag","Casper","Felis catus",1970-01-02 07:55:00,1970-01-02 18:45:00,TRUE,4,"Neutered","m",16,0,"NZ",4
"RosieIITag","RosieII","Felis catus",1970-01-02 12:26:00,1970-01-01 06:59:00,TRUE,4,"Spayed","f",6,0,"NZ",1
"DanaTag","Dana","Felis catus",1970-01-01 21:27:00,1970-01-01 03:18:00,TRUE,4,"Neutered","m",12,0,"NZ",8
"WillowTag","Willow","Felis catus",1970-01-01 01:52:00,1970-01-01 05:13:00,FALSE,4,"Spayed","f",20,0,"NZ",15
"TaraTag","Tara","Felis catus",1970-01-01 21:22:00,1970-01-01 03:43:00,TRUE,4,"Spayed","f",14,0,"NZ",7
"TriceraCatTag","TriceraCat","Felis catus",1970-01-01 00:39:00,1970-01-03 09:40:00,TRUE,4,"Spayed","f",14,0,"NZ",4
"StinkeyTag","Stinkey","Felis catus",1970-01-01 02:24:00,1970-01-03 01:15:00,TRUE,4,"Neutered","m",9,0,"NZ",0.9
"KittysaurusRexTag","KittysaurusRex","Felis catus",1970-01-01 03:18:00,1970-01-03 09:29:00,TRUE,4,"Neutered","m",8,0,"NZ",5
"GinTag","Gin","Felis catus",1970-01-01 02:04:00,1970-01-02 01:49:00,TRUE,4,"Spayed","f",10,0,"NZ",5
"LailaTag","Laila","Felis catus",1970-01-01 02:05:00,1970-01-01 08:32:00,TRUE,4,"Spayed","f",12,0,"NZ",7
"TamariAlmondTag","TamariAlmond","Felis catus",1970-01-01 02:21:00,1970-01-02 23:18:00,FALSE,4,"Spayed","f",12,0,"NZ",5
"ZeusIITag","ZeusII","Felis catus",1970-01-01 02:23:00,1970-01-01 16:27:00,TRUE,4,"Neutered","m",12,0,"NZ",1
"CazadorTag","Cazador","Felis catus",1970-01-01 02:33:00,1970-01-03 04:00:00,FALSE,4,"Neutered","m",19,0,"NZ",0.4
"AxelTag","Axel","Felis catus",1970-01-01 03:11:00,1970-01-01 10:11:00,FALSE,4,"Neutered","m",8,0,"NZ",0.9
"PabloTag","Pablo","Felis catus",1970-01-01 20:23:00,1970-01-02 17:28:00,TRUE,4,"Neutered","m",10,0,"NZ",3
"PoppyIVTag","PoppyIV","Felis catus",1970-01-02 16:34:00,1970-01-02 00:46:00,FALSE,4,"Spayed","f",10,0,"NZ",2
"AliceTag","Alice","Felis catus",1970-01-02 21:37:00,1970-01-02 00:24:00,TRUE,4,"Spayed","f",8,0,"NZ",5
"StellaTag","Stella","Felis catus",1970-01-01 16:19:00,1970-01-03 01:09:00,FALSE,4,"Spayed","f",15,0,"NZ",11
"SpiceTag","Spice","Felis catus",1970-01-01 01:57:00,1970-01-01 15:15:00,FALSE,4,"Neutered","m",10,0,"NZ",4
"SelenaTag","Selena","Felis catus",1970-01-01 01:57:00,1970-01-01 16:17:00,TRUE,4,"Spayed","f",18,0,"NZ",9
"WhiskeyTag","Whiskey","Felis catus",1970-01-01 02:28:00,1970-01-03 11:24:00,TRUE,4,"Neutered","m",16,0,"NZ",1
"MissieTag","Missie","Felis catus",1970-01-01 03:45:00,1970-01-01 23:12:00,TRUE,4,"Spayed","f",10,0,"NZ",4
"KatyTag","Katy","Felis catus",1970-01-01 21:02:00,1970-01-02 22:21:00,TRUE,4,"Spayed","f",7,0,"NZ",10
"MinervaTag","Minerva","Felis catus",1970-01-02 07:09:00,1970-01-01 17:34:00,TRUE,4,"Spayed","f",15,0,"NZ",6
"MerlinTag","Merlin","Felis catus",1970-01-01 10:08:00,1970-01-01 04:57:00,FALSE,4,"Neutered","m",12,0,"NZ",0.9
"CocoTag","Coco","Felis catus",1970-01-01 21:43:00,1970-01-02 10:52:00,FALSE,4,"Spayed","f",16,0,"NZ",10
"SubieTag","Subie","Felis catus",1970-01-01 00:35:00,1970-01-01 06:01:00,TRUE,4,"Spayed","f",14,0,"NZ",2
"SkyIITag","SkyII","Felis catus",1970-01-01 01:53:00,1970-01-01 12:03:00,TRUE,4,"Spayed","f",17,0,"NZ",2
"PollyTag","Polly","Felis catus",1970-01-01 02:34:00,1970-01-03 10:27:00,FALSE,4,"Neutered","m",10,0,"NZ",7
"SandmanTag","Sandman","Felis catus",1970-01-01 20:11:00,1970-01-03 01:54:00,TRUE,4,"Neutered","m",5,0,"NZ",3
"GussTag","Guss","Felis catus",1970-01-02 05:52:00,1970-01-02 15:31:00,TRUE,4,"Neutered","m",16,0,"NZ",8
"VinnieTag","Vinnie","Felis catus",1970-01-01 02:25:00,1970-01-02 15:34:00,TRUE,4,"Neutered","m",14,0,"NZ",1
"ZenoTag","Zeno","Felis catus",1970-01-01 19:33:00,1970-01-01 21:04:00,TRUE,4,"Spayed","f",10,0,"NZ",4
"RockyTag","Rocky","Felis catus",1970-01-01 04:33:00,1970-01-01 22:40:00,FALSE,4,"Neutered","m",20,0,"NZ",8
"LuxTag","Lux","Felis catus",1970-01-01 22:22:00,1970-01-01 01:10:00,TRUE,4,"Spayed","f",20,0,"NZ",6
"BearTag","Bear","Felis catus",1970-01-01 02:28:00,1970-01-03 10:00:00,TRUE,4,"Spayed","f",4,0,"NZ",4
"GusTag","Gus","Felis catus",1970-01-01 06:13:00,1970-01-01 04:23:00,TRUE,4,"Neutered","m",10,0,"NZ",3
"HarveyTag","Harvey","Felis catus",1970-01-01 19:24:00,1970-01-02 19:52:00,FALSE,4,"Neutered","m",23,0,"NZ",9
"WinstonTag","Winston","Felis catus",1970-01-03 07:23:00,1970-01-01 17:02:00,FALSE,4,"Neutered","m",11,0,"NZ",13
"TabsTag","Tabs","Felis catus",1970-01-02 22:49:00,1970-01-01 22:54:00,TRUE,4,"Spayed","f",18,0,"NZ",5
"LemonSqueezyTag","LemonSqueezy","Felis catus",1970-01-02 03:27:00,1970-01-01 07:27:00,FALSE,4,"Spayed","f",11,0,"NZ",7
"MungoTag","Mungo","Felis catus",1970-01-02 17:03:00,1970-01-01 09:48:00,TRUE,4,"Neutered","m",16,0,"NZ",7
"PipiTag","Pipi","Felis catus",1970-01-01 20:18:00,1970-01-01 07:55:00,TRUE,4,"Spayed","f",17,0,"NZ",7
"BuddyTag","Buddy","Felis catus",1970-01-01 02:13:00,1970-01-03 09:56:00,TRUE,4,"Neutered","m",7,0,"NZ",7
"ArchieTag","Archie","Felis catus",1970-01-01 05:25:00,1970-01-01 01:53:00,TRUE,4,"Neutered","m",12,0,"NZ",4
"ThomasIITag","ThomasII","Felis catus",1970-01-01 18:21:00,1970-01-01 03:18:00,TRUE,4,"Neutered","m",20,0,"NZ",5
"AlfieTag","Alfie","Felis catus",1970-01-01 19:40:00,1970-01-01 02:34:00,TRUE,4,"Neutered","m",16,0,"NZ",2
"RubyTag","Ruby","Felis catus",1970-01-01 22:20:00,1970-01-01 07:02:00,TRUE,4,"Spayed","f",18,0,"NZ",1
"LokiTag","Loki","Felis catus",1970-01-01 19:57:00,1970-01-02 18:41:00,TRUE,4,"Neutered","m",14,0,"NZ",1
"MartyTag","Marty","Felis catus",1970-01-01 16:39:00,1970-01-01 07:34:00,TRUE,4,"Neutered","m",16,0,"NZ",2
"SchrodingerTag","Schrodinger","Felis catus",1970-01-03 11:34:00,1970-01-03 07:26:00,TRUE,4,"Spayed","f",14,0,"NZ",4
"TuiTag","Tui","Felis catus",1970-01-01 22:37:00,1970-01-01 22:25:00,TRUE,4,"Spayed","f",14,0,"NZ",2
"Shadow-NinjaTag","Shadow-Ninja","Felis catus",1970-01-01 01:14:00,1970-01-01 16:54:00,FALSE,4,"Neutered","m",3,0,"NZ",2
"DashTag","Dash","Felis catus",1970-01-01 02:06:00,1970-01-02 09:33:00,TRUE,4,"Neutered","m",7,0,"NZ",4
"Cutie-GirlTag","Cutie-Girl","Felis catus",1970-01-01 03:04:00,1970-01-01 10:26:00,TRUE,4,"Spayed","f",4,0,"NZ",2
"KimyTag","Kimy","Felis catus",1970-01-02 10:06:00,1970-01-02 10:02:00,TRUE,4,"Spayed","f",6,0,"NZ",7
"ChessTag","Chess","Felis catus",1970-01-03 05:33:00,1970-01-03 04:00:00,TRUE,4,"Spayed","f",18,0,"NZ",9
"SussTag","Suss","Felis catus",1970-01-02 17:53:00,1970-01-02 05:31:00,TRUE,4,"Spayed","f",12,0,"NZ",4
"SebTag","Seb","Felis catus",1970-01-01 04:58:00,1970-01-03 10:57:00,TRUE,4,"Neutered","m",12,0,"NZ",6
"GinIITag","GinII","Felis catus",1970-01-01 02:18:00,1970-01-03 11:30:00,TRUE,4,"Neutered","m",12,0,"NZ",5
"TillyTag","Tilly","Felis catus",1970-01-01 02:20:00,1970-01-01 20:15:00,TRUE,4,"Neutered","m",8,0,"NZ",4
"BusterTag","Buster","Felis catus",1970-01-01 05:28:00,1970-01-03 11:45:00,TRUE,4,"Neutered","m",12,0,"NZ",1
"DingoTag","Dingo","Felis catus",1970-01-01 23:43:00,1970-01-01 02:41:00,TRUE,4,"Neutered","m",8,0,"NZ",4
"TobyTag","Toby","Felis catus",1970-01-01 23:08:00,1970-01-02 22:08:00,TRUE,4,"Neutered","m",18,0,"NZ",6
"SleekyTag","Sleeky","Felis catus",1970-01-01 02:39:00,1970-01-03 07:46:00,FALSE,4,"Neutered","m",4,0,"NZ",11
"SootyTag","Sooty","Felis catus",1970-01-01 18:56:00,1970-01-01 09:36:00,TRUE,4,"Spayed","f",10,0,"NZ",2
"MarmiteTag","Marmite","Felis catus",1970-01-03 03:24:00,1970-01-03 10:04:00,TRUE,4,"Spayed","f",14,0,"NZ",4
"MilliGalTag","MilliGal","Felis catus",1970-01-01 02:26:00,1970-01-03 09:11:00,TRUE,4,"Spayed","f",15,0,"NZ",7
"Frizzle","Frizzle","Felis catus",1970-01-02 08:04:00,1970-01-03 09:04:00,TRUE,0,"Neutered","m",20,1,"AUS",3
"MonMonTag","MonMon","Felis catus",1970-01-02 08:22:00,1970-01-03 11:55:00,TRUE,3,"Spayed","f",0,1,"AUS",4
"BuddyTag","Buddy","Felis catus",1970-01-03 11:33:00,1970-01-01 01:21:00,TRUE,1,"Neutered","m",21,1,"AUS",2
"TigerTag","Tiger","Felis catus",1970-01-02 08:24:00,1970-01-03 06:13:00,TRUE,1,"Neutered","m",10,1,"AUS",5
"JamieTag","Jamie","Felis catus",1970-01-02 08:31:00,1970-01-03 09:56:00,TRUE,3,"Neutered","m",10,1,"AUS",9
"BruceWillisPussingtonTag","BruceWillisPussington","Felis catus",1970-01-02 07:46:00,1970-01-01 06:25:00,TRUE,1,"Neutered","m",14,1,"AUS",7
"SkittlesTag","Skittles","Felis catus",1970-01-01 02:05:00,1970-01-01 16:01:00,TRUE,11,"Neutered","m",18,1,"AUS",2
"PrincessTag","Princess","Felis catus",1970-01-01 02:59:00,1970-01-01 05:03:00,TRUE,6,"Spayed","f",8,1,"AUS",0
"LoftyTag","Lofty","Felis catus",1970-01-01 17:51:00,1970-01-02 13:44:00,TRUE,21,"Neutered","m",3,1,"AUS",13
"ZazzieTag","Zazzie","Felis catus",1970-01-01 23:59:00,1970-01-02 21:28:00,TRUE,0,"Neutered","m",5,1,"AUS",12
"CrumpetTag","Crumpet","Felis catus",1970-01-02 01:34:00,1970-01-02 20:34:00,TRUE,3,"Spayed","f",7,1,"AUS",4
"TobyTag","Toby","Felis catus",1970-01-01 01:52:00,1970-01-02 04:53:00,TRUE,1,"Neutered","m",12,1,"AUS",0
"IsabelTag","Isabel","Felis catus",1970-01-01 20:45:00,1970-01-02 14:20:00,TRUE,1,"Spayed","f",10,1,"AUS",3
"PennyTag","Penny","Felis catus",1970-01-01 01:57:00,1970-01-02 04:16:00,TRUE,2,"Spayed","f",10,1,"AUS",2
"MistyTag","Misty","Felis catus",1970-01-01 02:34:00,1970-01-02 05:13:00,TRUE,9,"Spayed","f",1,1,"AUS",10
"SookieTag","Sookie","Felis catus",1970-01-01 02:51:00,1970-01-02 04:36:00,TRUE,21,"Spayed","f",6,1,"AUS",6
"PippinTag","Pippin","Felis catus",1970-01-01 02:57:00,1970-01-01 02:00:00,TRUE,7,"Neutered","m",2,1,"AUS",5
"SqueakTag","Squeak","Felis catus",1970-01-02 15:45:00,1970-01-02 11:51:00,TRUE,11,"Spayed","f",14,1,"AUS",2
"AnakinTag","Anakin","Felis catus",1970-01-01 02:04:00,1970-01-02 03:08:00,TRUE,1,"Neutered","m",10,1,"AUS",2
"ErnieTag","Ernie","Felis catus",1970-01-01 05:01:00,1970-01-02 04:10:00,TRUE,0,"Neutered","m",5,1,"AUS",11
"WallyTag","Wally","Felis catus",1970-01-01 05:17:00,1970-01-02 05:56:00,TRUE,0,"Neutered","m",5,2,"AUS",2
"BellaTag","Bella","Felis catus",1970-01-02 10:26:00,1970-01-03 10:51:00,FALSE,0,"Spayed","f",23,1,"AUS",14
"JaxTag","Jax","Felis catus",1970-01-01 02:03:00,1970-01-02 05:34:00,TRUE,6,"Neutered","m",10,1,"AUS",2
"RamsesTag","Ramses","Felis catus",1970-01-01 02:39:00,1970-01-01 08:41:00,TRUE,1,"Neutered","m",8,1,"AUS",6
"TiggaTag","Tigga","Felis catus",1970-01-01 18:26:00,1970-01-02 11:49:00,TRUE,3,"Neutered","m",3,1,"AUS",12
"FantaPantsTag","FantaPants","Felis catus",1970-01-02 08:04:00,1970-01-01 07:04:00,TRUE,2,"Neutered","m",4,1,"AUS",5
"MatildaTag","Matilda","Felis catus",1970-01-03 02:12:00,1970-01-02 03:23:00,TRUE,1,"Spayed","f",12,1,"AUS",8
"TilenTag","Tilen","Felis catus",1970-01-02 19:39:00,1970-01-02 08:07:00,FALSE,0,"Fixed","f",10,1,"AUS",1
"BelTag","Bel","Felis catus",1970-01-02 22:20:00,1970-01-02 05:48:00,TRUE,4,"Spayed","f",20,1,"AUS",1
"Lucy2Tag","Lucy2","Felis catus",1970-01-01 01:55:00,1970-01-02 04:33:00,FALSE,0,"Spayed","f",8,1,"AUS",1
"OllieTag","Ollie","Felis catus",1970-01-01 02:04:00,1970-01-02 03:03:00,TRUE,4,"Neutered","m",12,1,"AUS",5
"CharlieTag","Charlie","Felis catus",1970-01-02 07:29:00,1970-01-03 09:16:00,TRUE,2,"Neutered","m",16,1,"AUS",5
"SissyTag","Sissy","Felis catus",1970-01-02 07:58:00,1970-01-03 11:24:00,TRUE,1,"Spayed","f",18,3,"AUS",3
"LouiseTag","Louise","Felis catus",1970-01-02 08:29:00,1970-01-03 08:58:00,TRUE,3,"Spayed","f",15,2,"AUS",4
"JasperTag","Jasper","Felis catus",1970-01-02 09:46:00,1970-01-03 09:56:00,FALSE,0,"Neutered","m",12,1,"AUS",5
"LightningTag","Lightning","Felis catus",1970-01-03 07:04:00,1970-01-01 23:39:00,FALSE,0,"Spayed","f",9,1,"AUS",1
"MandyTag","Mandy","Felis catus",1970-01-01 00:59:00,1970-01-02 20:02:00,TRUE,6,"Spayed","f",12,2,"AUS",1
"SaffyTag","Saffy","Felis catus",1970-01-02 07:59:00,1970-01-03 07:01:00,TRUE,1,"Spayed","f",22,1,"AUS",2
"ShellyTag","Shelly","Felis catus",1970-01-02 09:54:00,1970-01-02 16:42:00,FALSE,0,"Spayed","f",1,1,"AUS",6
"RubyTag","Ruby","Felis catus",1970-01-02 07:03:00,1970-01-02 02:27:00,TRUE,3,"Spayed","f",12,1,"AUS",10
"ThomasTag","Thomas","Felis catus",1970-01-02 08:22:00,1970-01-02 11:58:00,TRUE,0,"Neutered","m",4,1,"AUS",5
"MystiTag","Mysti","Felis catus",1970-01-03 03:17:00,1970-01-02 02:38:00,TRUE,1,"Spayed","f",20,1,"AUS",18
"MoochieTag","Moochie","Felis catus",1970-01-02 02:00:00,1970-01-02 18:11:00,FALSE,0,"Spayed","f",10,1,"AUS",4
"RaizorTag","Raizor","Felis catus",1970-01-02 06:41:00,1970-01-01 18:43:00,TRUE,5,"Spayed","f",8,2,"AUS",2
"NekoMeiTag","NekoMei","Felis catus",1970-01-02 06:57:00,1970-01-01 06:09:00,FALSE,0,"Spayed","f",14,3,"AUS",9
"MillyTag","Milly","Felis catus",1970-01-02 07:42:00,1970-01-01 10:07:00,TRUE,5,"Spayed","f",10,1,"AUS",4
"SlasherTag","Slasher","Felis catus",1970-01-02 08:41:00,1970-01-01 12:40:00,TRUE,9,"Fixed","f",8,1,"AUS",8
"DetectiveTeddyTag","DetectiveTeddy","Felis catus",1970-01-02 08:56:00,1970-01-03 10:50:00,TRUE,5,"Neutered","m",5,1,"AUS",8
"Misty2Tag","Misty2","Felis catus",1970-01-02 08:58:00,1970-01-02 23:39:00,TRUE,17,"Spayed","f",15,1,"AUS",8
"BigFellaTag","BigFella","Felis catus",1970-01-02 09:30:00,1970-01-01 05:57:00,TRUE,2,"Fixed","f",12,1,"AUS",7
"LadyVelvetTag","LadyVelvet","Felis catus",1970-01-02 09:32:00,1970-01-03 10:50:00,FALSE,0,"Spayed","f",20,2,"AUS",8
"MaxTag","Max","Felis catus",1970-01-02 12:05:00,1970-01-02 00:11:00,TRUE,21,"Neutered","m",15,2,"AUS",8
"MikaTag","Mika","Felis catus",1970-01-01 02:43:00,1970-01-02 04:36:00,TRUE,1,"Spayed","f",18,1,"AUS",3
"AtikTag","Atik","Felis catus",1970-01-02 09:26:00,1970-01-03 09:42:00,TRUE,5,"Spayed","f",12,1,"AUS",2
"KallieTag","Kallie","Felis catus",1970-01-02 09:56:00,1970-01-03 09:44:00,TRUE,5,"Spayed","f",10,1,"AUS",1
"PixieTag","Pixie","Felis catus",1970-01-02 10:28:00,1970-01-03 11:41:00,TRUE,3,"Spayed","f",10,1,"AUS",5
"GenieTag","Genie","Felis catus",1970-01-02 23:26:00,1970-01-02 07:43:00,TRUE,2,"Spayed","f",14,1,"AUS",4
"Milly2Tag","Milly2","Felis catus",1970-01-03 02:34:00,1970-01-02 03:29:00,TRUE,3,"Spayed","f",15,1,"AUS",11
"SkittyTag","Skitty","Felis catus",1970-01-01 02:33:00,1970-01-03 06:26:00,TRUE,6,"Neutered","m",3,1,"AUS",5
"Max2Tag","Max2","Felis catus",1970-01-02 09:56:00,1970-01-02 04:17:00,TRUE,2,"Neutered","m",3,1,"AUS",3
"KittyTag","Kitty","Felis catus",1970-01-02 23:46:00,1970-01-01 23:07:00,TRUE,1,"Neutered","m",3,1,"AUS",4
"DrakeTag","Drake","Felis catus",1970-01-02 15:01:00,1970-01-01 07:00:00,TRUE,1,"Spayed","f",18,1,"AUS",10
"DelilahTag","Delilah","Felis catus",1970-01-02 22:17:00,1970-01-03 07:06:00,TRUE,5,"Spayed","f",18,2,"AUS",2
"KramerTag","Kramer","Felis catus",1970-01-03 04:52:00,1970-01-01 15:28:00,TRUE,4,"Neutered","m",12,1,"AUS",12
"AdeleTag","Adele","Felis catus",1970-01-01 05:06:00,1970-01-03 08:58:00,TRUE,6,"Spayed","f",24,1,"AUS",0.9
"HenryTag","Henry","Felis catus",1970-01-02 06:34:00,1970-01-03 10:33:00,TRUE,4,"Neutered","m",15,1,"AUS",1
"RioTag","Rio","Felis catus",1970-01-02 07:14:00,1970-01-01 05:09:00,TRUE,0,"Spayed","f",15,1,"AUS",4
"SmokeyTag","Smokey","Felis catus",1970-01-02 07:36:00,1970-01-03 09:38:00,TRUE,1,"Spayed","f",6,2,"AUS",3
"SushiTag","Sushi","Felis catus",1970-01-02 07:56:00,1970-01-01 04:28:00,FALSE,0,"Spayed","f",20,1,"AUS",3
"MidoriTag","Midori","Felis catus",1970-01-02 08:16:00,1970-01-03 11:18:00,TRUE,2,"Spayed","f",8,1,"AUS",7
"Toby2Tag","Toby2","Felis catus",1970-01-02 08:23:00,1970-01-03 09:36:00,FALSE,0,"Neutered","m",15,1,"AUS",2
"TomTag","Tom","Felis catus",1970-01-02 08:34:00,1970-01-03 10:33:00,TRUE,5,"Neutered","m",6,1,"AUS",12
"MingoTag","Mingo","Felis catus",1970-01-02 08:45:00,1970-01-01 03:20:00,TRUE,1,"Spayed","f",19,2,"AUS",5
"SassyTag","Sassy","Felis catus",1970-01-02 09:04:00,1970-01-03 09:10:00,TRUE,1,"Spayed","f",19,2,"AUS",6
"BanditTag","Bandit","Felis catus",1970-01-02 09:44:00,1970-01-03 10:55:00,TRUE,13,"Spayed","f",4,1,"AUS",3
"HunterTag","Hunter","Felis catus",1970-01-03 03:48:00,1970-01-02 12:12:00,TRUE,0,"Neutered","m",10,1,"AUS",1
"DarkieTag","Darkie","Felis catus",1970-01-03 02:03:00,1970-01-01 08:25:00,TRUE,6,"Spayed","f",8,1,"AUS",2
"MangoTag","Mango","Felis catus",1970-01-01 00:22:00,1970-01-01 09:56:00,TRUE,3,"Neutered","m",14,1,"AUS",1
"CasperTag","Casper","Felis catus",1970-01-02 08:34:00,1970-01-03 08:05:00,TRUE,3,"Neutered","m",4,1,"AUS",8
"MiloTag","Milo","Felis catus",1970-01-02 09:41:00,1970-01-03 03:27:00,FALSE,0,"Spayed","f",14,4,"AUS",0.58
"CharlotteTag","Charlotte","Felis catus",1970-01-02 12:01:00,1970-01-01 10:03:00,TRUE,3,"Spayed","f",17,1,"AUS",5
"WizzerTag","Wizzer","Felis catus",1970-01-02 10:35:00,1970-01-02 17:26:00,TRUE,3,"Spayed","f",8,2,"AUS",12
"MickeyTag","Mickey","Felis catus",1970-01-02 16:22:00,1970-01-01 22:37:00,TRUE,6,"Neutered","m",8,2,"AUS",4
"JohnnyTag","Johnny","Felis catus",1970-01-01 07:49:00,1970-01-02 05:23:00,TRUE,11,"Neutered","m",4,3,"AUS",2
"MapleSyrupTag","MapleSyrup","Felis catus",1970-01-02 08:51:00,1970-01-01 08:30:00,FALSE,0,"Spayed","f",21,3,"AUS",10
"MugginsTag","Muggins","Felis catus",1970-01-02 08:23:00,1970-01-03 11:38:00,TRUE,1,"Neutered","m",2,1,"AUS",0
"CaspianTag","Caspian","Felis catus",1970-01-01 03:41:00,1970-01-01 07:27:00,TRUE,11,"Neutered","m",15,2,"AUS",10
"LiefTag","Lief","Felis catus",1970-01-03 03:37:00,1970-01-03 09:40:00,TRUE,11,"Neutered","m",24,1,"AUS",3
"RufusTag","Rufus","Felis catus",1970-01-01 01:34:00,1970-01-01 21:27:00,TRUE,21,"Neutered","m",18,4,"AUS",6
"UnoTag","Uno","Felis catus",1970-01-02 08:04:00,1970-01-01 08:11:00,TRUE,1,"Neutered","m",3,1,"AUS",13
"NellieTag","Nellie","Felis catus",1970-01-02 08:35:00,1970-01-03 10:59:00,TRUE,2,"Spayed","f",10,1,"AUS",4
"BobTag","Bob","Felis catus",1970-01-02 09:27:00,1970-01-02 18:58:00,TRUE,4,"Neutered","m",9,1,"AUS",7
"FergieTag","Fergie","Felis catus",1970-01-02 11:45:00,1970-01-01 21:16:00,FALSE,0,"Spayed","f",24,2,"AUS",1
"MarblesTag","Marbles","Felis catus",1970-01-03 03:52:00,1970-01-02 02:05:00,TRUE,0,"Neutered","m",20,2,"AUS",7
"ClawdTag","Clawd","Felis catus",1970-01-01 12:04:00,1970-01-03 02:58:00,TRUE,3,"Neutered","m",22,1,"AUS",7
"RodneyTag","Rodney","Felis catus",1970-01-02 09:27:00,1970-01-03 11:17:00,TRUE,2,"Neutered","m",10,2,"AUS",4
"NinjaTag","Ninja","Felis catus",1970-01-02 07:24:00,1970-01-01 01:53:00,TRUE,6,"Spayed","f",22,1,"AUS",1
"Lucy3Tag","Lucy3","Felis catus",1970-01-02 09:34:00,1970-01-02 05:26:00,TRUE,6,"Spayed","f",1,1,"AUS",3
"MarthaTag","Martha","Felis catus",1970-01-03 06:26:00,1970-01-03 10:20:00,TRUE,1,"Spayed","f",20,3,"AUS",2
"MomoTag","Momo","Felis catus",1970-01-02 00:42:00,1970-01-01 09:31:00,TRUE,1,"Spayed","f",12,1,"AUS",2
"LilliputTag","Lilliput","Felis catus",1970-01-02 06:58:00,1970-01-03 08:37:00,TRUE,3,"Spayed","f",23,2,"AUS",3
"LucimsTag","Lucims","Felis catus",1970-01-02 07:47:00,1970-01-01 18:36:00,FALSE,0,"Spayed","f",1,1,"AUS",15
"TipsyTag","Tipsy","Felis catus",1970-01-02 07:59:00,1970-01-03 08:30:00,FALSE,0,"Fixed","f",20,1,"AUS",10
"MissyMooTag","MissyMoo","Felis catus",1970-01-02 08:20:00,1970-01-01 15:17:00,FALSE,0,"Spayed","f",18,1,"AUS",8
"MintyTag","Minty","Felis catus",1970-01-02 09:59:00,1970-01-01 16:36:00,TRUE,1,"Spayed","f",16,2,"AUS",3
"TillyTag","Tilly","Felis catus",1970-01-03 04:59:00,1970-01-01 09:25:00,FALSE,0,"Spayed","f",18,1,"AUS",7
"TipsieTag","Tipsie","Felis catus",1970-01-02 23:26:00,1970-01-02 11:22:00,TRUE,4,"Spayed","f",5,2,"AUS",3
"PearlTag","Pearl","Felis catus",1970-01-01 06:49:00,1970-01-03 10:04:00,FALSE,0,"Spayed","f",0,0,"AUS",0
"RingoTag","Ringo","Felis catus",1970-01-01 03:07:00,1970-01-02 01:18:00,TRUE,1,"Neutered","m",12,2,"AUS",9
"LibertyBelleTag","LibertyBelle","Felis catus",1970-01-03 07:31:00,1970-01-03 05:57:00,TRUE,3,"Spayed","f",20,1,"AUS",2
"SmudgeTag","Smudge","Felis catus",1970-01-02 21:32:00,1970-01-02 22:38:00,FALSE,0,"Neutered","m",8,1,"AUS",9
"ScoutTag","Scout","Felis catus",1970-01-02 15:31:00,1970-01-02 21:05:00,FALSE,0,"Neutered","m",3,3,"AUS",8
"RoxiTag","Roxi","Felis catus",1970-01-02 07:50:00,1970-01-03 06:11:00,TRUE,11,"Spayed","f",12,2,"AUS",2
"DarcyTag","Darcy","Felis catus",1970-01-02 08:30:00,1970-01-03 10:45:00,TRUE,4,"Neutered","m",12,1,"AUS",8
"ZakTag","Zak","Felis catus",1970-01-02 08:34:00,1970-01-03 01:26:00,TRUE,11,"Neutered","m",8,1,"AUS",2
"Kitty2Tag","Kitty2","Felis catus",1970-01-02 08:59:00,1970-01-02 11:42:00,TRUE,1,"Neutered","m",13,2,"AUS",5
"Millie2Tag","Millie2","Felis catus",1970-01-02 09:35:00,1970-01-03 05:01:00,FALSE,0,"Spayed","f",13,1,"AUS",11
"CatTag","Cat","Felis catus",1970-01-02 10:05:00,1970-01-03 11:41:00,TRUE,1,"Neutered","m",13,1,"AUS",6
"Darcie2Tag","Darcy2","Felis catus",1970-01-02 10:09:00,1970-01-02 15:41:00,TRUE,1,"Neutered","m",23,1,"AUS",8
"BugsyTag","Bugsy","Felis catus",1970-01-02 11:03:00,1970-01-01 10:46:00,TRUE,3,"Neutered","m",6,2,"AUS",5
"RumpyTag","Rumpy","Felis catus",1970-01-03 01:15:00,1970-01-03 11:12:00,TRUE,3,"Neutered","m",20,1,"AUS",11
"EldrickTag","Eldrick","Felis catus",1970-01-01 22:14:00,1970-01-02 04:10:00,TRUE,11,"Neutered","m",8,1,"AUS",2
"LatteTag","Latte","Felis catus",1970-01-02 11:53:00,1970-01-02 23:25:00,TRUE,3,"Spayed","f",17,1,"AUS",4
"MerlotTag","Merlot","Felis catus",1970-01-02 09:10:00,1970-01-02 03:28:00,TRUE,8,"Neutered","m",12,1,"AUS",9
"HollyTag","Holly","Felis catus",1970-01-02 11:08:00,1970-01-02 16:55:00,TRUE,7,"Spayed","f",3,1,"AUS",3
"GeorgeTag","George","Felis catus",1970-01-02 08:49:00,1970-01-03 11:52:00,TRUE,3,"Neutered","m",10,2,"AUS",3
"SparkleTag","Sparkle","Felis catus",1970-01-02 23:10:00,1970-01-03 09:37:00,TRUE,5,"Spayed","f",10,1,"AUS",4
"BasilTag","Basil","Felis catus",1970-01-02 14:34:00,1970-01-02 00:13:00,TRUE,2,"Neutered","m",3,1,"AUS",3
"MilfredTag","Milfred","Felis catus",1970-01-02 08:11:00,1970-01-01 14:48:00,TRUE,7,"Neutered","m",14,1,"AUS",3
"SylviaTag","Sylvia","Felis catus",1970-01-02 09:51:00,1970-01-02 10:05:00,TRUE,3,"Spayed","f",14,2,"AUS",10
"LeoTag","Leo","Felis catus",1970-01-02 10:18:00,1970-01-02 22:49:00,TRUE,3,"Neutered","m",2,1,"AUS",2
"OscarTag","Oscar","Felis catus",1970-01-03 00:20:00,1970-01-01 22:05:00,TRUE,1,"Neutered","m",12,1,"AUS",10
"PepperTag","Pepper","Felis catus",1970-01-01 02:09:00,1970-01-02 14:19:00,TRUE,2,"Neutered","m",6,1,"AUS",2
"JerichoTag","Jericho","Felis catus",1970-01-02 06:33:00,1970-01-01 06:52:00,FALSE,0,"Neutered","m",1,1,"AUS",12
"MoggyTag","Moggy","Felis catus",1970-01-03 01:41:00,1970-01-03 07:14:00,TRUE,1,"Spayed","f",18,1,"AUS",11
"LouisTag","Louis","Felis catus",1970-01-02 10:27:00,1970-01-02 13:21:00,FALSE,0,"Neutered","m",21,1,"AUS",12
"ThorntonTag","Thornton","Felis catus",1970-01-03 00:56:00,1970-01-02 22:49:00,TRUE,0,"Neutered","m",1,2,"AUS",2
"CleoTag","Cleo","Felis catus",1970-01-03 03:30:00,1970-01-01 11:07:00,TRUE,0,"Spayed","f",10,1,"AUS",4
"AngelTag","Angel","Felis catus",1970-01-01 03:05:00,1970-01-01 21:37:00,TRUE,5,"Spayed","f",10,1,"AUS",3
"CharlieFrankTag","CharlieFrank","Felis catus",1970-01-01 16:55:00,1970-01-02 00:04:00,FALSE,0,"Neutered","m",4,1,"AUS",4
"BungeyTag","Bungey","Felis catus",1970-01-02 14:33:00,1970-01-01 17:27:00,TRUE,1,"Neutered","m",12,1,"AUS",6
"GusTag","Gus","Felis catus",1970-01-02 17:01:00,1970-01-01 09:34:00,TRUE,3,"Neutered","m",15,1,"AUS",3
"PusskinsTag","Pusskins","Felis catus",1970-01-01 10:38:00,1970-01-02 19:17:00,FALSE,0,"Neutered","m",15,1,"AUS",7
"EddieTag","Eddie","Felis catus",1970-01-02 08:04:00,1970-01-01 20:23:00,FALSE,0,"Neutered","m",14,1,"AUS",11
"GoldfingerTag","Goldfinger","Felis catus",1970-01-02 08:05:00,1970-01-02 07:33:00,FALSE,0,"Neutered","m",15,1,"AUS",4
"PussyGaloreTag","PussyGalore","Felis catus",1970-01-02 08:27:00,1970-01-01 02:50:00,TRUE,1,"Spayed","f",15,2,"AUS",0.25
"TashaTag","Tasha","Felis catus",1970-01-02 08:34:00,1970-01-01 20:26:00,TRUE,1,"Spayed","f",12,1,"AUS",9
"ChuckNorrisTag","ChuckNorris","Felis catus",1970-01-01 19:13:00,1970-01-02 08:51:00,TRUE,2,"Neutered","m",12,1,"AUS",3
"PhoenixTag","Phoenix","Felis catus",1970-01-02 06:33:00,1970-01-02 22:32:00,TRUE,0,"Neutered","m",7,1,"AUS",4
"JackTag","Jack","Felis catus",1970-01-02 07:33:00,1970-01-01 06:25:00,TRUE,5,"Neutered","m",2,2,"AUS",6
"CosiTag","Cosi","Felis catus",1970-01-02 08:03:00,1970-01-02 15:25:00,TRUE,3,"Spayed","f",2,1,"AUS",8
"BootsTag","Boots","Felis catus",1970-01-02 08:03:00,1970-01-02 13:03:00,TRUE,3,"Spayed","f",8,3,"AUS",3
"YodaTag","Yoda","Felis catus",1970-01-02 08:04:00,1970-01-03 09:47:00,TRUE,0,"Neutered","m",16,2,"AUS",5
"BuddhaTag","Buddha","Felis catus",1970-01-02 09:14:00,1970-01-03 08:53:00,TRUE,2,"Neutered","m",7,1,"AUS",6
"Milo2Tag","Milo2","Felis catus",1970-01-03 06:37:00,1970-01-01 07:30:00,TRUE,16,"Neutered","m",6,1,"AUS",2
"WinnieTag","Winnie","Felis catus",1970-01-02 06:35:00,1970-01-02 22:53:00,FALSE,0,"Spayed","f",5,1,"AUS",14
"XanderTag","Xander","Felis catus",1970-01-03 01:44:00,1970-01-01 17:39:00,TRUE,3,"Neutered","m",15,3,"AUS",2
"PatraTag","Patra","Felis catus",1970-01-02 08:05:00,1970-01-03 09:07:00,TRUE,2,"Spayed","f",10,1,"AUS",8
"PantsTag","Pants","Felis catus",1970-01-02 09:26:00,1970-01-01 20:23:00,TRUE,4,"Neutered","m",16,1,"AUS",7
"Leo2Tag","Leo2","Felis catus",1970-01-02 08:34:00,1970-01-03 11:12:00,FALSE,0,"Neutered","m",12,1,"AUS",10
"LillyTag","Lilly","Felis catus",1970-01-02 08:47:00,1970-01-03 10:19:00,FALSE,0,"Spayed","f",1,3,"AUS",4
"BennyTag","Benny","Felis catus",1970-01-02 09:04:00,1970-01-03 06:56:00,TRUE,1,"Neutered","m",13,2,"AUS",7
"MussTag","Muss","Felis catus",1970-01-02 06:57:00,1970-01-03 11:44:00,TRUE,1,"Neutered","m",15,1,"AUS",7
"DCTag","DC","Felis catus",1970-01-02 07:03:00,1970-01-02 10:16:00,FALSE,0,"Neutered","m",12,1,"AUS",6
"Milo3Tag","Milo3","Felis catus",1970-01-02 08:34:00,1970-01-03 08:30:00,TRUE,2,"Neutered","m",12,1,"AUS",4
"MerlinTag","Merlin","Felis catus",1970-01-02 08:55:00,1970-01-02 23:45:00,TRUE,4,"Neutered","m",12,2,"AUS",1
"TippyTag","Tippy","Felis catus",1970-01-03 02:34:00,1970-01-02 03:01:00,FALSE,0,"Not Fixed","m",12,1,"AUS",12
"HaHaTag","HaHa","Felis catus",1970-01-02 06:56:00,1970-01-01 13:55:00,TRUE,0,"Neutered","m",17,2,"AUS",2
"PaulTag","Paul","Felis catus",1970-01-02 10:56:00,1970-01-01 18:06:00,FALSE,0,"Neutered","m",10,3,"AUS",0.4
"Ruby2Tag","Ruby2","Felis catus",1970-01-03 00:53:00,1970-01-01 19:03:00,TRUE,6,"Spayed","f",7,1,"AUS",2
"PantherTag","Panther","Felis catus",1970-01-02 19:21:00,1970-01-02 18:58:00,TRUE,0,"Spayed","f",17,1,"AUS",2
"MittensTag","Mittens","Felis catus",1970-01-01 19:43:00,1970-01-01 10:20:00,TRUE,2,"Spayed","f",10,2,"AUS",5
"JesterTag","Jester","Felis catus",1970-01-02 04:34:00,1970-01-03 09:40:00,TRUE,2,"Neutered","m",3,1,"AUS",5
"Ruby3Tag","Ruby3","Felis catus",1970-01-03 03:33:00,1970-01-03 05:55:00,TRUE,1,"Spayed","f",8,1,"AUS",9
"AliTag","Ali","Felis catus",1970-01-02 10:26:00,1970-01-03 08:45:00,TRUE,5,"Spayed","f",12,1,"AUS",0.67
"StinkyTag","Stinky","Felis catus",1970-01-03 04:56:00,1970-01-02 05:34:00,FALSE,0,"Spayed","f",6,1,"AUS",14
"ShadowTag","Shadow","Felis catus",1970-01-02 08:32:00,1970-01-03 00:30:00,TRUE,13,"Spayed","f",20,1,"AUS",8
"KikkiDeeTag","KikkiDee","Felis catus",1970-01-02 11:19:00,1970-01-01 18:30:00,TRUE,0,"Spayed","f",20,1,"AUS",8
"Jasper2Tag","Jasper2","Felis catus",1970-01-03 00:25:00,1970-01-02 14:03:00,TRUE,2,"Neutered","m",18,1,"AUS",2
"SootyTa","Sooty","Felis catus",1970-01-02 19:18:00,1970-01-01 00:06:00,TRUE,2,"Spayed","f",4,2,"AUS",10
"RosieTag","Rosie","Felis catus",1970-01-02 19:24:00,1970-01-02 08:41:00,TRUE,3,"Spayed","f",12,1,"AUS",4
"MonaLisaTag","MonaLisa","Felis catus",1970-01-02 08:13:00,1970-01-03 09:42:00,FALSE,0,"Spayed","f",17,1,"AUS",9
"BoofyTag","Boofy","Felis catus",1970-01-01 14:13:00,1970-01-02 22:14:00,TRUE,1,"Neutered","m",0,1,"AUS",9
"Kitty3Tag","Kitty3","Felis catus",1970-01-02 06:34:00,1970-01-01 02:35:00,FALSE,0,"Spayed","f",3,1,"AUS",1
"BruceTag","Bruce","Felis catus",1970-01-02 10:08:00,1970-01-03 07:31:00,TRUE,2,"Neutered","m",20,1,"AUS",2
"LucarioBlackTag","LucarioBlack","Felis catus",1970-01-02 10:26:00,1970-01-01 04:07:00,TRUE,3,"Neutered","m",19,2,"AUS",3
"TruffulaTag","Truffula","Felis catus",1970-01-03 04:07:00,1970-01-02 02:57:00,TRUE,3,"Spayed","f",2,1,"AUS",5
"Rosie2Tag","Rosie2","Felis catus",1970-01-01 00:52:00,1970-01-01 11:18:00,TRUE,2,"Spayed","f",16,2,"AUS",11
"JazzieTag","Jazzie","Felis catus",1970-01-02 21:41:00,1970-01-01 16:12:00,TRUE,5,"Spayed","f",6,3,"AUS",1
"LilaTag","Lila","Felis catus",1970-01-02 08:28:00,1970-01-02 16:25:00,TRUE,1,"Spayed","f",13,1,"AUS",7
"MrLittleCatTag","MrLittleCat","Felis catus",1970-01-02 08:45:00,1970-01-03 09:06:00,TRUE,3,"Neutered","m",1,1,"AUS",8
"AshTag","Ash","Felis catus",1970-01-02 11:50:00,1970-01-02 08:10:00,TRUE,2,"Neutered","m",12,1,"AUS",8
"Kitty4Tag","Kitty4","Felis catus",1970-01-02 14:57:00,1970-01-02 09:25:00,TRUE,4,"Not Fixed","m",12,1,"AUS",2
"Ruby4Tag","Ruby4","Felis catus",1970-01-02 17:02:00,1970-01-02 02:09:00,TRUE,2,"Spayed","f",16,1,"AUS",3
"FelixTag","Felix","Felis catus",1970-01-02 08:04:00,1970-01-02 14:47:00,TRUE,2,"Neutered","m",12,1,"AUS",2
"Bella5Tag","Bella5","Felis catus",1970-01-02 09:26:00,1970-01-03 11:59:00,FALSE,0,"Spayed","f",12,1,"AUS",5
"Tiger3Tag","Tiger3","Felis catus",1970-01-02 16:02:00,1970-01-01 16:39:00,FALSE,0,"Neutered","m",16,1,"AUS",15
"CheekyTag","Cheeky","Felis catus",1970-01-01 23:08:00,1970-01-02 00:27:00,TRUE,1,"Neutered","m",16,2,"AUS",15
"MacaTag","Maca","Felis catus",1970-01-02 07:31:00,1970-01-02 07:07:00,TRUE,9,"Spayed","f",1,1,"AUS",10
"IvoryTag","Ivory","Felis catus",1970-01-02 08:04:00,1970-01-01 22:09:00,TRUE,2,"Spayed","f",19,1,"AUS",2
"SoxyTag","Soxy","Felis catus",1970-01-02 08:22:00,1970-01-01 19:02:00,TRUE,1,"Neutered","m",15,1,"AUS",14
"Tilly2Tag","Tilly2","Felis catus",1970-01-02 08:22:00,1970-01-01 08:58:00,TRUE,6,"Spayed","f",20,2,"AUS",10
"HarryTag","Harry","Felis catus",1970-01-02 08:29:00,1970-01-03 02:23:00,FALSE,0,"Neutered","m",1,1,"AUS",2
"Misty3Tag","Misty3","Felis catus",1970-01-02 08:51:00,1970-01-02 20:23:00,TRUE,1,"Spayed","f",20,2,"AUS",0
"BooTag","Boo","Felis catus",1970-01-02 11:44:00,1970-01-01 19:25:00,FALSE,0,"Neutered","m",0,3,"AUS",4
"GrimmTag","Grimm","Felis catus",1970-01-03 00:51:00,1970-01-01 10:00:00,FALSE,0,"Neutered","m",8,4,"AUS",0.58
"BessyTag","Bessy","Felis catus",1970-01-01 09:55:00,1970-01-01 10:57:00,TRUE,21,"Spayed","f",18,1,"AUS",8
"NelsonTag","Nelson","Felis catus",1970-01-01 08:59:00,1970-01-01 09:42:00,TRUE,5,"Neutered","m",8,1,"AUS",3
"Marbles2Tag","Marbles2","Felis catus",1970-01-02 06:41:00,1970-01-01 05:44:00,FALSE,0,"Spayed","f",0,3,"AUS",2
"TuxTag","Tux","Felis catus",1970-01-02 08:04:00,1970-01-01 03:26:00,FALSE,0,"Neutered","m",10,1,"AUS",6
"RipleyTag","Ripley","Felis catus",1970-01-02 08:33:00,1970-01-03 11:37:00,TRUE,4,"Spayed","f",20,2,"AUS",3
"Merlin2Tag","Merlin2","Felis catus",1970-01-02 08:41:00,1970-01-01 05:41:00,FALSE,0,"Neutered","m",3,2,"AUS",9
"MrWhiskersTag","MrWhiskers","Felis catus",1970-01-02 15:21:00,1970-01-03 09:26:00,FALSE,0,"Spayed","f",20,1,"AUS",5
"Charlie2Tag","Charlie2","Felis catus",1970-01-01 05:30:00,1970-01-03 02:43:00,FALSE,0,"Neutered","m",15,1,"AUS",3
"HazelTag","Hazel","Felis catus",1970-01-02 06:55:00,1970-01-03 11:48:00,TRUE,3,"Fixed","f",14,1,"AUS",1
"Leo3Tag","Leo3","Felis catus",1970-01-02 07:02:00,1970-01-03 09:31:00,TRUE,3,"Neutered","m",5,2,"AUS",6
"Soxy2Tag","Soxy2","Felis catus",1970-01-02 07:51:00,1970-01-02 06:27:00,FALSE,0,"Neutered","m",22,1,"AUS",2
"TheoTag","Theo","Felis catus",1970-01-02 08:12:00,1970-01-03 09:44:00,FALSE,0,"Neutered","m",5,3,"AUS",6
"GeezerTag","Geezer","Felis catus",1970-01-02 09:55:00,1970-01-03 11:36:00,FALSE,0,"Neutered","m",5,1,"AUS",5
"Harry2Tag","Harry2","Felis catus",1970-01-02 07:58:00,1970-01-03 00:52:00,FALSE,0,"Neutered","m",8,1,"AUS",2
"MidnightTag","Midnight","Felis catus",1970-01-02 08:11:00,1970-01-03 10:53:00,TRUE,1,"Neutered","m",15,1,"AUS",11
"RupertTag","Rupert","Felis catus",1970-01-02 08:29:00,1970-01-03 04:57:00,TRUE,0,"Neutered","m",8,3,"AUS",1
"JasmineTag","Jasmine","Felis catus",1970-01-02 08:51:00,1970-01-01 05:59:00,TRUE,1,"Spayed","f",18,2,"AUS",11
"LilyTag","Lily","Felis catus",1970-01-02 09:56:00,1970-01-03 10:50:00,FALSE,0,"Spayed","f",12,4,"AUS",3
"Buddy2Tag","Buddy2","Felis catus",1970-01-02 11:25:00,1970-01-02 14:11:00,TRUE,4,"Neutered","m",15,1,"AUS",4
"SibeliusTag","Sibelius","Felis catus",1970-01-02 20:04:00,1970-01-02 18:23:00,TRUE,4,"Neutered","m",4,1,"AUS",3
"TimmyTag","Timmy","Felis catus",1970-01-02 07:04:00,1970-01-02 10:07:00,TRUE,6,"Neutered","m",12,1,"AUS",3
"FlandersTag","Flanders","Felis catus",1970-01-02 08:23:00,1970-01-03 09:46:00,FALSE,0,"Neutered","m",13,1,"AUS",1
"ZoeTag","Zoe","Felis catus",1970-01-02 06:33:00,1970-01-03 11:09:00,TRUE,2,"Unneutered","f",3,1,"AUS",7
"Pepper2Tag","Pepper2","Felis catus",1970-01-02 06:57:00,1970-01-03 11:42:00,TRUE,0,"Spayed","f",2,2,"AUS",10
"Charlie3Tag","Charlie3","Felis catus",1970-01-02 06:58:00,1970-01-03 11:53:00,TRUE,1,"Spayed","f",10,1,"AUS",12
"SunnyTag","Sunny","Felis catus",1970-01-02 07:38:00,1970-01-03 11:46:00,TRUE,3,"Neutered","m",8,1,"AUS",15
"RascalTag","Rascal","Felis catus",1970-01-02 08:35:00,1970-01-02 13:45:00,FALSE,0,"Neutered","m",16,3,"AUS",0.67
"SchnoozTag","Schnooz","Felis catus",1970-01-02 08:35:00,1970-01-03 10:51:00,TRUE,3,"Neutered","m",12,1,"AUS",8
"AmbaRoseTag","AmbaRose","Felis catus",1970-01-02 08:42:00,1970-01-03 10:33:00,TRUE,2,"Spayed","f",7,1,"AUS",10
"TobinTag","Tobin","Felis catus",1970-01-02 08:58:00,1970-01-03 09:57:00,TRUE,0,"Neutered","m",14,1,"AUS",6
"Rupert2Tag","Rupert2","Felis catus",1970-01-02 09:02:00,1970-01-01 03:42:00,TRUE,3,"Neutered","m",14,1,"AUS",3
"Felix2Tag","Felix2","Felis catus",1970-01-02 11:49:00,1970-01-02 02:59:00,TRUE,1,"Spayed","f",16,1,"AUS",4
"SammiTag","Sammi","Felis catus",1970-01-02 08:06:00,1970-01-03 11:36:00,FALSE,0,"Spayed","f",22,1,"AUS",11
"PicassoTag","Picasso","Felis catus",1970-01-02 08:07:00,1970-01-03 11:10:00,TRUE,2,"Spayed","f",12,1,"AUS",8
"Tiger4Tag","Tiger4","Felis catus",1970-01-02 08:18:00,1970-01-03 10:04:00,TRUE,5,"Neutered","m",12,1,"AUS",7
"AmeliaTag","Amelia","Felis catus",1970-01-02 08:34:00,1970-01-03 09:10:00,TRUE,1,"Spayed","f",12,2,"AUS",10
"SputnikTag","Sputnik","Felis catus",1970-01-02 09:26:00,1970-01-02 05:53:00,TRUE,1,"Neutered","m",16,1,"AUS",6
"KennyTag","Kenny","Felis catus",1970-01-02 20:55:00,1970-01-01 19:42:00,FALSE,0,"Neutered","m",3,1,"AUS",4
"DharmaTag","Dharma","Felis catus",1970-01-02 08:05:00,1970-01-02 06:29:00,FALSE,0,"Neutered","m",9,2,"AUS",17
"Charlie4Tag","Charlie4","Felis catus",1970-01-02 08:34:00,1970-01-02 03:23:00,FALSE,0,"Neutered","m",13,1,"AUS",6
"ImeldaTag","Imelda","Felis catus",1970-01-02 11:27:00,1970-01-01 05:45:00,TRUE,6,"Spayed","f",16,1,"AUS",1
"TiggyTag","Tiggy","Felis catus",1970-01-01 03:12:00,1970-01-01 20:54:00,TRUE,2,"Neutered","m",14,1,"AUS",2
"SammyTag","Sammy","Felis catus",1970-01-02 08:27:00,1970-01-01 22:24:00,TRUE,6,"Neutered","m",15,1,"AUS",7
"FudgeTag","Fudge","Felis catus",1970-01-02 08:34:00,1970-01-03 11:28:00,TRUE,5,"Neutered","m",11,1,"AUS",4
"GeorgieTag","Georgie","Felis catus",1970-01-02 08:35:00,1970-01-02 22:02:00,TRUE,5,"Neutered","m",10,1,"AUS",9
"Martha2Tag","Martha2","Felis catus",1970-01-02 23:34:00,1970-01-01 01:12:00,TRUE,5,"Spayed","f",12,1,"AUS",3
"RaffyTag","Raffy","Felis catus",1970-01-01 00:18:00,1970-01-01 18:21:00,TRUE,6,"Neutered","m",8,1,"AUS",14
"Boots2Tag","Boots2","Felis catus",1970-01-01 02:49:00,1970-01-03 11:01:00,TRUE,1,"Neutered","m",15,3,"AUS",14
"YorikoTag","Yoriko","Felis catus",1970-01-01 00:30:00,1970-01-03 07:30:00,TRUE,1,"Spayed","f",20,4,"AUS",13
"ZivaTag","Ziva","Felis catus",1970-01-02 06:35:00,1970-01-01 09:48:00,TRUE,9,"Spayed","f",8,1,"AUS",1
"Millie3Tag","Millie3","Felis catus",1970-01-02 08:04:00,1970-01-02 19:34:00,TRUE,1,"Spayed","f",18,1,"AUS",7
"BentleyTag","Bentley","Felis catus",1970-01-02 07:05:00,1970-01-01 09:11:00,TRUE,2,"Neutered","m",5,2,"AUS",12
"DiamondsTag","Diamonds","Felis catus",1970-01-02 08:00:00,1970-01-03 09:39:00,FALSE,0,"Spayed","f",2,1,"AUS",2
"Monty2Tag","Monty2","Felis catus",1970-01-02 08:04:00,1970-01-02 08:10:00,TRUE,15,"Neutered","m",3,1,"AUS",7
"RudiTag","Rudi","Felis catus",1970-01-02 11:11:00,1970-01-01 08:10:00,FALSE,0,"Neutered","m",5,1,"AUS",2
"Bella6Tag","Bella6","Felis catus",1970-01-01 01:02:00,1970-01-02 20:23:00,TRUE,11,"Spayed","f",2,1,"AUS",8
"SqueakyTag","Squeaky","Felis catus",1970-01-01 00:30:00,1970-01-03 08:58:00,FALSE,0,"Not Fixed","m",24,3,"AUS",0
"StalkyTag","Stalky","Felis catus",1970-01-01 02:10:00,1970-01-02 15:58:00,FALSE,0,"Spayed","f",10,1,"AUS",10
"UnfriendlyTag","Unfriendly","Felis catus",1970-01-01 02:40:00,1970-01-03 11:00:00,TRUE,1,"Spayed","f",10,2,"AUS",10
"BlueyTag","Bluey","Felis catus",1970-01-02 08:21:00,1970-01-03 09:47:00,FALSE,0,"Neutered","m",11,1,"AUS",9
"ShanTag","Shan","Felis catus",1970-01-02 08:30:00,1970-01-03 07:44:00,TRUE,1,"Neutered","m",12,2,"AUS",3
"StitchTag","Stitch","Felis catus",1970-01-01 12:37:00,1970-01-01 05:16:00,TRUE,11,"Neutered","m",10,1,"AUS",6
"PudsTag","Puds","Felis catus",1970-01-01 00:16:00,1970-01-02 08:39:00,FALSE,0,"Spayed","f",22,1,"AUS",11
"TommyTag","Tommy","Felis catus",1970-01-02 08:03:00,1970-01-03 09:06:00,FALSE,0,"Neutered","m",23,2,"AUS",2
"Max3Tag","Max3","Felis catus",1970-01-02 08:21:00,1970-01-03 11:13:00,TRUE,2,"Neutered","m",8,1,"AUS",2
"MoscowTag","Moscow","Felis catus",1970-01-02 08:52:00,1970-01-03 09:45:00,TRUE,0,"Neutered","m",8,3,"AUS",4
"MrThomasTag","MrThomas","Felis catus",1970-01-02 08:58:00,1970-01-01 09:03:00,FALSE,0,"Neutered","m",1,1,"AUS",10
"MissyMitzTag","MissyMitz","Felis catus",1970-01-02 10:55:00,1970-01-01 02:02:00,TRUE,2,"Spayed","f",12,3,"AUS",8
"JessieBeauTag","JessieBeau","Felis catus",1970-01-02 12:08:00,1970-01-01 02:11:00,TRUE,19,"Neutered","m",18,4,"AUS",2
"SkoozieTag","Skoozie","Felis catus",1970-01-01 09:27:00,1970-01-03 05:32:00,TRUE,0,"Spayed","f",24,1,"AUS",6
"FrankieTag","Frankie","Felis catus",1970-01-03 00:33:00,1970-01-02 00:23:00,TRUE,9,"Fixed","f",14,1,"AUS",0
"AnnieTag","Annie","Felis catus",1970-01-02 08:54:00,1970-01-03 09:05:00,TRUE,1,"Spayed","f",17,1,"AUS",2
"ZacTag","Zac","Felis catus",1970-01-02 08:57:00,1970-01-03 11:43:00,TRUE,1,"Neutered","m",18,2,"AUS",2
"PollyTag","Polly","Felis catus",1970-01-02 03:48:00,1970-01-01 20:49:00,FALSE,0,"Spayed","f",18,1,"AUS",4
"OnyxTag","Onyx","Felis catus",1970-01-01 02:23:00,1970-01-01 11:31:00,TRUE,21,"Spayed","f",14,1,"AUS",1
"ChaseTag","Chase","Felis catus",1970-01-01 07:22:00,1970-01-01 14:06:00,TRUE,21,"Spayed","f",15,2,"AUS",1
"AstroTag","Astro","Felis catus",1970-01-02 08:05:00,1970-01-03 11:55:00,TRUE,8,"Neutered","m",10,1,"AUS",2
"LokiTag","Loki","Felis catus",1970-01-02 08:12:00,1970-01-03 02:11:00,TRUE,1,"Neutered","m",5,1,"AUS",8
"IsobelTag","Isobel","Felis catus",1970-01-02 08:52:00,1970-01-01 12:11:00,TRUE,1,"Spayed","f",15,1,"AUS",8
"SquiggleTag","Squiggle","Felis catus",1970-01-01 01:16:00,1970-01-01 18:20:00,TRUE,0,"Neutered","m",9,2,"AUS",2
"OliTag","Oli","Felis catus",1970-01-01 01:52:00,1970-01-01 01:26:00,TRUE,0,"Neutered","m",9,4,"AUS",1
"SpotTag","Spot","Felis catus",1970-01-01 02:09:00,1970-01-02 14:03:00,TRUE,0,"Neutered","m",9,3,"AUS",3
"Jasper3Tag","Jasper3","Felis catus",1970-01-01 11:55:00,1970-01-02 04:28:00,FALSE,0,"Neutered","m",9,1,"AUS",1
"JeddaTag","Jedda","Felis catus",1970-01-01 19:41:00,1970-01-01 12:45:00,TRUE,7,"Spayed","f",10,1,"AUS",4
"ShmiffTag","Shmiff","Felis catus",1970-01-02 08:04:00,1970-01-03 10:33:00,TRUE,1,"Spayed","f",20,1,"AUS",6
"Nelson3Tag","Nelson3","Felis catus",1970-01-01 00:46:00,1970-01-02 17:11:00,TRUE,0,"Neutered","m",2,1,"AUS",7
"ClaudeTag","Claude","Felis catus",1970-01-02 06:35:00,1970-01-03 11:14:00,TRUE,2,"Neutered","m",0,1,"AUS",8
"MaggieTag","Maggie","Felis catus",1970-01-02 07:58:00,1970-01-02 03:28:00,TRUE,1,"Spayed","f",20,2,"AUS",7
"Harry3Tag","Harry3","Felis catus",1970-01-02 10:44:00,1970-01-02 08:12:00,TRUE,1,"Neutered","m",13,1,"AUS",4
"Daisy2Tag","Daisy2","Felis catus",1970-01-02 11:33:00,1970-01-03 03:50:00,TRUE,5,"Spayed","f",8,1,"AUS",6
"BoTag","Bo","Felis catus",1970-01-01 18:20:00,1970-01-01 20:38:00,TRUE,2,"Neutered","m",14,2,"AUS",4
"AlbertTag","Albert","Felis catus",1970-01-01 02:13:00,1970-01-03 11:40:00,TRUE,1,"Neutered","m",16,1,"AUS",9
"CaddieTag","Caddie","Felis catus",1970-01-02 08:07:00,1970-01-02 00:22:00,TRUE,4,"Spayed","f",14,1,"AUS",6
"KamirTag","Kamir","Felis catus",1970-01-02 08:33:00,1970-01-03 10:24:00,TRUE,4,"Spayed","f",20,1,"AUS",13
"FizzgigTag","Fizzgig","Felis catus",1970-01-01 00:46:00,1970-01-03 10:31:00,TRUE,16,"Spayed","f",10,1,"AUS",6
"ParisTag","Paris","Felis catus",1970-01-01 02:25:00,1970-01-03 03:50:00,FALSE,0,"Neutered","m",15,2,"AUS",13
"Felix3Tag","Felix3","Felis catus",1970-01-02 08:34:00,1970-01-01 11:00:00,TRUE,4,"Neutered","m",9,1,"AUS",2
"Bel2Tag","Bel2","Felis catus",1970-01-02 01:37:00,1970-01-02 05:09:00,FALSE,0,"Spayed","f",23,1,"AUS",12
"MeggsieTag","Meggsie","Felis catus",1970-01-01 02:00:00,1970-01-01 21:29:00,TRUE,4,"Neutered","m",14,1,"AUS",6
"Rupert3Tag","Rupert3","Felis catus",1970-01-01 04:39:00,1970-01-02 03:48:00,TRUE,1,"Neutered","m",12,1,"AUS",10
"CelineTag","Celine","Felis catus",1970-01-02 08:28:00,1970-01-03 11:45:00,TRUE,1,"Fixed","f",1,1,"AUS",3
"BillyTag","Billy","Felis catus",1970-01-02 06:57:00,1970-01-02 14:15:00,FALSE,0,"Neutered","m",12,1,"AUS",11
"Oscar2Tag","Oscar2","Felis catus",1970-01-01 15:55:00,1970-01-03 11:43:00,TRUE,5,"Neutered","m",3,1,"AUS",7
"BozTag","Boz","Felis catus",1970-01-03 04:56:00,1970-01-02 03:47:00,FALSE,0,"Neutered","m",19,1,"AUS",6
"Truffles2Tag","Truffles2","Felis catus",1970-01-02 23:10:00,1970-01-03 09:26:00,TRUE,1,"Neutered","m",2,1,"AUS",14
"Kitty5Tag","Kitty5","Felis catus",1970-01-01 02:57:00,1970-01-01 12:21:00,TRUE,5,"Spayed","f",9,1,"AUS",2
"JinxTag","Jinx","Felis catus",1970-01-02 23:43:00,1970-01-03 11:56:00,TRUE,7,"Spayed","f",12,1,"AUS",1
"ChanelTag","Chanel","Felis catus",1970-01-02 08:04:00,1970-01-01 18:57:00,TRUE,4,"Spayed","f",14,1,"AUS",8
"LouisTheBruiserTag","LouisTheBruiser","Felis catus",1970-01-02 10:12:00,1970-01-03 09:42:00,TRUE,2,"Neutered","m",12,1,"AUS",12
"PaulaTag","Paula","Felis catus",1970-01-01 02:47:00,1970-01-02 19:22:00,FALSE,0,"Spayed","f",1,1,"AUS",4
"MrGrayTag","MrGray","Felis catus",1970-01-01 17:03:00,1970-01-02 16:10:00,TRUE,5,"Neutered","m",11,1,"AUS",1
"MalachieTag","Malachie","Felis catus",1970-01-01 11:03:00,1970-01-02 12:28:00,TRUE,5,"Neutered","m",2,2,"AUS",3
"GinaTag","Gina","Felis catus",1970-01-01 02:15:00,1970-01-02 08:52:00,TRUE,2,"Spayed","f",6,3,"AUS",3
"Banjo2Tag","Banjo2","Felis catus",1970-01-02 07:34:00,1970-01-01 04:10:00,TRUE,9,"Spayed","f",10,1,"AUS",9
"JunipurrTag","Junipurr","Felis catus",1970-01-01 01:40:00,1970-01-01 23:01:00,TRUE,13,"Spayed","f",19,1,"AUS",8
"ClancyTag","Clancy","Felis catus",1970-01-01 08:50:00,1970-01-03 11:53:00,TRUE,2,"Spayed","f",23,2,"AUS",9
"Tiger5Tag","Tiger5","Felis catus",1970-01-02 08:50:00,1970-01-03 10:52:00,TRUE,10,"Neutered","m",1,1,"AUS",10
"TarzanTag","Tarzan","Felis catus",1970-01-01 01:15:00,1970-01-02 05:56:00,TRUE,11,"Neutered","m",0,1,"AUS",2
"Jinx2Tag","Jinx2","Felis catus",1970-01-02 08:27:00,1970-01-01 14:37:00,TRUE,10,"Spayed","f",10,1,"AUS",6
"CollinTag","Collin","Felis catus",1970-01-01 02:10:00,1970-01-02 11:09:00,TRUE,6,"Fixed","f",12,1,"AUS",5
"TwinkleTag","Twinkle","Felis catus",1970-01-01 02:50:00,1970-01-03 11:51:00,TRUE,2,"Neutered","m",8,1,"AUS",14
"WhiskyTag","Whisky","Felis catus",1970-01-02 08:26:00,1970-01-01 01:16:00,TRUE,4,"Spayed","f",8,1,"AUS",4
"CocoTag","Coco","Felis catus",1970-01-02 10:27:00,1970-01-01 03:40:00,TRUE,3,"Spayed","f",7,2,"AUS",2
"CaptainSoldierTag","CaptainSoldier","Felis catus",1970-01-02 08:04:00,1970-01-02 04:04:00,FALSE,0,"Neutered","m",12,1,"AUS",3
"RonaldoTag","Ronaldo","Felis catus",1970-01-02 08:04:00,1970-01-03 08:46:00,TRUE,3,"Neutered","m",16,2,"AUS",0.58
"BambiTag","Bambi","Felis catus",1970-01-02 04:19:00,1970-01-03 05:31:00,TRUE,5,"Spayed","f",12,1,"AUS",3
"HestorTag","Hestor","Felis catus",1970-01-01 02:05:00,1970-01-03 11:50:00,TRUE,5,"Neutered","m",8,2,"AUS",11
"BanjoTag","Banjo","Felis catus",1970-01-01 05:46:00,1970-01-01 20:33:00,TRUE,5,"Neutered","m",12,1,"AUS",1
"GarryTag","Garry","Felis catus",1970-01-02 10:13:00,1970-01-02 00:03:00,TRUE,3,"Neutered","m",18,1,"AUS",6
"AllyTag","Ally","Felis catus",1970-01-03 07:30:00,1970-01-01 06:01:00,FALSE,0,"Spayed","f",7,1,"AUS",6
"Oscar3Tag","Oscar3","Felis catus",1970-01-01 02:15:00,1970-01-03 03:38:00,TRUE,16,"Neutered","m",7,1,"AUS",8
"YogiTag","Yogi","Felis catus",1970-01-02 08:22:00,1970-01-03 00:31:00,TRUE,2,"Neutered","m",3,1,"AUS",1
"PussTag","Puss","Felis catus",1970-01-02 08:23:00,1970-01-03 11:47:00,TRUE,1,"Spayed","f",6,1,"AUS",9
"SmallTag","Small","Felis catus",1970-01-02 20:24:00,1970-01-01 01:25:00,TRUE,3,"Neutered","m",14,1,"AUS",9
"ScratchTag","Scratch","Felis catus",1970-01-02 07:51:00,1970-01-03 10:11:00,TRUE,1,"Spayed","f",16,1,"AUS",14
"DieselTag","Diesel","Felis catus",1970-01-02 08:15:00,1970-01-03 06:00:00,TRUE,1,"Neutered","m",16,1,"AUS",2
"StanleyTag","Stanley","Felis catus",1970-01-02 10:59:00,1970-01-01 08:10:00,TRUE,3,"Neutered","m",18,1,"AUS",7
"Tom2Tag","Tom2","Felis catus",1970-01-01 13:20:00,1970-01-01 18:33:00,TRUE,1,"Neutered","m",3,2,"AUS",7
"TruffleTag","Truffle","Felis catus",1970-01-02 07:42:00,1970-01-03 11:12:00,TRUE,1,"Spayed","f",1,2,"AUS",3
"MissyTag","Missy","Felis catus",1970-01-02 08:33:00,1970-01-01 00:48:00,TRUE,2,"Spayed","f",1,1,"AUS",3
"RafikiTag","Rafiki","Felis catus",1970-01-01 22:05:00,1970-01-02 18:57:00,TRUE,4,"Spayed","f",12,1,"AUS",1
"CarmelloTag","Carmello","Felis catus",1970-01-03 10:01:00,1970-01-01 06:56:00,TRUE,0,"Neutered","m",18,1,"AUS",9
"MilkoMcCavityTag","MilkoMcCavity","Felis catus",1970-01-02 08:17:00,1970-01-03 09:17:00,TRUE,0,"Neutered","m",9,1,"AUS",6
"Leo4Tag","Leo4","Felis catus",1970-01-02 09:28:00,1970-01-03 10:05:00,FALSE,0,"Neutered","m",18,1,"AUS",16
"LeilaTag","Leila","Felis catus",1970-01-02 10:27:00,1970-01-01 05:03:00,TRUE,11,"Spayed","f",4,1,"AUS",8
"Kitty6Tag","Kitty6","Felis catus",1970-01-02 17:51:00,1970-01-02 16:19:00,TRUE,1,"Spayed","f",18,1,"AUS",5
"SamsonTag","Samson","Felis catus",1970-01-02 21:57:00,1970-01-02 22:01:00,TRUE,1,"Neutered","m",18,2,"AUS",5
"Delilah2Tag","Delilah2","Felis catus",1970-01-03 00:20:00,1970-01-01 17:59:00,TRUE,6,"Spayed","f",12,1,"AUS",6
"SylvesterTag","Sylvester","Felis catus",1970-01-02 09:02:00,1970-01-01 03:27:00,FALSE,0,"Neutered","m",20,1,"AUS",7
"BBTag","BB","Felis catus",1970-01-02 09:19:00,1970-01-01 06:00:00,FALSE,0,"Spayed","f",20,2,"AUS",1
"SallyTag","Sally","Felis catus",1970-01-01 13:04:00,1970-01-03 11:10:00,TRUE,1,"Spayed","f",2,1,"AUS",4
"ElmoTag","Elmo","Felis catus",1970-01-02 06:39:00,1970-01-02 04:38:00,TRUE,2,"Neutered","m",12,1,"AUS",12
"StealthTag","Stealth","Felis catus",1970-01-02 08:04:00,1970-01-02 21:29:00,FALSE,0,"Neutered","m",20,3,"AUS",1
"JonesTag","Jones","Felis catus",1970-01-02 08:33:00,1970-01-01 19:07:00,FALSE,0,"Neutered","m",6,1,"AUS",11
"MimiTag","Mimi","Felis catus",1970-01-02 11:57:00,1970-01-03 00:08:00,FALSE,0,"Spayed","f",7,1,"AUS",14
"Charlie6Tag","Charlie6","Felis catus",1970-01-01 12:09:00,1970-01-03 04:13:00,TRUE,9,"Neutered","m",8,1,"AUS",2
"Sox2Tag","Sox2","Felis catus",1970-01-01 10:25:00,1970-01-02 07:43:00,FALSE,0,"Not Fixed","f",24,4,"AUS",0.4
"FrankTag","Frank","Felis catus",1970-01-03 07:03:00,1970-01-03 11:21:00,FALSE,0,"Not Fixed","m",16,1,"AUS",0.5
"DanaTag","Dana","Felis catus",1970-01-02 08:03:00,1970-01-02 15:51:00,TRUE,2,"Spayed","f",12,1,"AUS",4
"GigiTag","Gigi","Felis catus",1970-01-02 08:39:00,1970-01-01 05:05:00,TRUE,1,"Spayed","f",12,1,"AUS",13
"VenomTag","Venom","Felis catus",1970-01-02 08:56:00,1970-01-01 15:47:00,TRUE,4,"Unneutered","m",15,1,"AUS",7
"WigglesTag","Wiggles","Felis catus",1970-01-02 09:03:00,1970-01-02 13:51:00,TRUE,11,"Neutered","m",8,1,"AUS",2
"MagicTag","Magic","Felis catus",1970-01-03 01:31:00,1970-01-02 02:30:00,TRUE,3,"Spayed","f",4,1,"AUS",6
"MowdiiTag","Mowdii","Felis catus",1970-01-03 11:04:00,1970-01-02 07:52:00,TRUE,3,"Spayed","f",19,1,"AUS",8
"MynxTag","Mynx","Felis catus",1970-01-02 07:24:00,1970-01-03 11:43:00,TRUE,4,"Neutered","m",10,2,"AUS",2
"Sooty2Tag","Sooty2","Felis catus",1970-01-02 08:26:00,1970-01-03 09:11:00,TRUE,1,"Spayed","f",8,1,"AUS",11
"SethTag","Seth","Felis catus",1970-01-02 09:55:00,1970-01-03 11:10:00,FALSE,0,"Neutered","m",8,3,"AUS",1
"Henry2Tag","Henry2","Felis catus",1970-01-02 08:31:00,1970-01-02 04:59:00,TRUE,0,"Neutered","m",5,1,"AUS",8
"EestiTag","Eesti","Felis catus",1970-01-02 09:21:00,1970-01-03 10:11:00,TRUE,1,"Neutered","m",10,2,"AUS",5
"RoseyTag","Rosey","Felis catus",1970-01-03 02:56:00,1970-01-02 18:32:00,TRUE,1,"Spayed","f",10,1,"AUS",6
"RemyTag","Remy","Felis catus",1970-01-01 10:03:00,1970-01-03 11:17:00,TRUE,21,"Neutered","m",4,1,"AUS",10
"LunaTag","Luna","Felis catus",1970-01-01 10:45:00,1970-01-02 11:09:00,TRUE,0,"Spayed","f",9,1,"AUS",0
"TiaTag","Tia","Felis catus",1970-01-01 17:55:00,1970-01-02 18:26:00,TRUE,3,"Spayed","f",10,1,"AUS",10
"Jasper4Tag","Jasper4","Felis catus",1970-01-01 22:33:00,1970-01-01 19:09:00,TRUE,2,"Neutered","m",6,1,"AUS",2
"GagglesHieronymusTag","GagglesHieronymus","Felis catus",1970-01-02 08:44:00,1970-01-02 09:12:00,FALSE,0,"Neutered","m",2,1,"AUS",5
"MeeshaTag","Meesha","Felis catus",1970-01-02 08:34:00,1970-01-02 07:19:00,TRUE,0,"Spayed","f",9,1,"AUS",8
"FlossieTag","Flossie","Felis catus",1970-01-01 19:37:00,1970-01-01 03:32:00,TRUE,3,"Spayed","f",8,1,"AUS",5
"MultiTag","Multi","Felis catus",1970-01-01 00:33:00,1970-01-02 18:55:00,TRUE,0,"Not Fixed","f",0,1,"AUS",0.5
"FurryTag","Furry","Felis catus",1970-01-02 06:33:00,1970-01-03 11:40:00,TRUE,5,"Spayed","f",12,1,"AUS",6
"SugarRaeTag","SugarRae","Felis catus",1970-01-01 17:43:00,1970-01-02 22:49:00,TRUE,8,"Spayed","f",9,3,"AUS",2
"TrixieTag","Trixie","Felis catus",1970-01-02 08:30:00,1970-01-02 07:57:00,TRUE,5,"Fixed","f",8,1,"AUS",9
"KeytuynTag","Keytuyn","Felis catus",1970-01-02 09:13:00,1970-01-03 10:33:00,TRUE,5,"Neutered","m",10,1,"AUS",1
"JoeyTag","Joey","Felis catus",1970-01-01 18:39:00,1970-01-02 01:40:00,TRUE,1,"Neutered","m",4,1,"AUS",5
"Ash2Tag","Ash2","Felis catus",1970-01-02 08:21:00,1970-01-02 00:08:00,TRUE,8,"Neutered","m",9,1,"AUS",3
"Rudi2Tag","Rudi2","Felis catus",1970-01-02 09:29:00,1970-01-02 12:55:00,FALSE,0,"Spayed","f",18,1,"AUS",10
"SophiePossumTag","SophiePossum","Felis catus",1970-01-02 06:33:00,1970-01-02 10:06:00,FALSE,0,"Spayed","f",6,1,"AUS",3
"RooTag","Roo","Felis catus",1970-01-02 07:33:00,1970-01-02 12:35:00,TRUE,1,"Spayed","f",14,1,"AUS",5
"RockyTag","Rocky","Felis catus",1970-01-01 09:33:00,1970-01-01 03:45:00,TRUE,2,"Neutered","m",6,1,"AUS",4
"George2Tag","George2","Felis catus",1970-01-02 15:13:00,1970-01-02 13:10:00,TRUE,7,"Neutered","m",8,1,"AUS",3
"Tilly3Tag","Tilly3","Felis catus",1970-01-02 22:27:00,1970-01-03 05:57:00,TRUE,7,"Spayed","f",12,2,"AUS",3
"FrostyTag","Frosty","Felis catus",1970-01-01 01:02:00,1970-01-01 08:51:00,TRUE,1,"Neutered","m",13,1,"AUS",1
"MysticTag","Mystic","Felis catus",1970-01-02 08:34:00,1970-01-03 09:48:00,FALSE,0,"Spayed","f",5,1,"AUS",2
"Stumpy2Tag","Stumpy2","Felis catus",1970-01-02 09:35:00,1970-01-02 06:31:00,TRUE,4,"Spayed","f",12,1,"AUS",4
"BigglesTag","Biggles","Felis catus",1970-01-02 16:39:00,1970-01-03 08:39:00,FALSE,0,"Neutered","m",12,2,"AUS",4
"Cleo2Tag","Cleo2","Felis catus",1970-01-02 08:21:00,1970-01-02 10:33:00,TRUE,3,"Spayed","f",8,1,"AUS",4
"SparklesTag","Sparkles","Felis catus",1970-01-02 09:43:00,1970-01-03 04:26:00,TRUE,3,"Spayed","f",7,1,"AUS",3
"GracieLouFreebushTag","GracieLouFreebush","Felis catus",1970-01-02 06:34:00,1970-01-02 11:21:00,TRUE,6,"Spayed","f",8,1,"AUS",2
"Simba2Tag","Simba2","Felis catus",1970-01-02 08:03:00,1970-01-02 16:33:00,FALSE,0,"Not Fixed","m",15,1,"AUS",0.4
"ZorraTag","Zorra","Felis catus",1970-01-03 09:35:00,1970-01-03 01:57:00,FALSE,0,"Spayed","f",8,1,"AUS",11
"WeaselTag","Weasel","Felis catus",1970-01-02 08:22:00,1970-01-01 02:03:00,TRUE,4,"Neutered","m",10,1,"AUS",2
"BellaBooTag","BellaBoo","Felis catus",1970-01-02 09:21:00,1970-01-02 18:32:00,TRUE,7,"Spayed","f",1,1,"AUS",2
"GizmoTag","Gizmo","Felis catus",1970-01-02 18:39:00,1970-01-02 02:14:00,FALSE,0,"Neutered","m",5,2,"AUS",19
"RustyTag","Rusty","Felis catus",1970-01-02 20:10:00,1970-01-01 09:49:00,FALSE,0,"Spayed","f",5,1,"AUS",15
"StefanoTag","Stefano","Felis catus",1970-01-02 13:08:00,1970-01-01 17:30:00,TRUE,1,"Neutered","m",14,2,"AUS",2
"ZepherTag","Zepher","Felis catus",1970-01-03 01:50:00,1970-01-02 13:09:00,TRUE,1,"Neutered","m",16,1,"AUS",4
"ArielTag","Ariel","Felis catus",1970-01-02 08:22:00,1970-01-03 10:01:00,TRUE,5,"Neutered","m",17,1,"AUS",1
"EnzoTag","Enzo","Felis catus",1970-01-02 08:36:00,1970-01-01 22:02:00,TRUE,2,"Neutered","m",16,1,"AUS",2
"AlrariTag","Alrari","Felis catus",1970-01-02 09:13:00,1970-01-03 10:54:00,TRUE,2,"Neutered","m",10,2,"AUS",9
"MissChiefTag","MissChief","Felis catus",1970-01-02 07:34:00,1970-01-01 17:28:00,TRUE,1,"Spayed","f",3,1,"AUS",16
"LexiTag","Lexi","Felis catus",1970-01-02 00:25:00,1970-01-03 04:28:00,TRUE,5,"Spayed","f",15,1,"AUS",4
"RodgerTag","Rodger","Felis catus",1970-01-02 08:03:00,1970-01-03 11:47:00,TRUE,3,"Neutered","m",3,1,"AUS",5
"TimoTag","Timo","Felis catus",1970-01-03 00:33:00,1970-01-01 16:14:00,TRUE,3,"Neutered","m",14,1,"AUS",5
"Jasmine2Tag","Jasmine2","Felis catus",1970-01-03 01:55:00,1970-01-03 07:07:00,FALSE,0,"Spayed","f",16,1,"AUS",8
"PoloTag","Polo","Felis catus",1970-01-02 08:45:00,1970-01-01 17:23:00,FALSE,0,"Neutered","m",0,2,"AUS",7
"MaeveTag","Maeve","Felis catus",1970-01-02 11:33:00,1970-01-01 12:01:00,FALSE,0,"Spayed","f",20,1,"AUS",3
"Charlotte2Tag","Charlotte2","Felis catus",1970-01-01 09:03:00,1970-01-02 04:42:00,TRUE,2,"Spayed","f",23,1,"AUS",1
"ListerTag","Lister","Felis catus",1970-01-02 18:19:00,1970-01-02 18:10:00,FALSE,0,"Neutered","m",24,1,"AUS",19
"GarfieldTag","Garfield","Felis catus",1970-01-03 03:36:00,1970-01-02 08:45:00,TRUE,1,"Neutered","m",10,1,"AUS",9
"BelleTag","Belle","Felis catus",1970-01-03 01:04:00,1970-01-02 11:10:00,TRUE,1,"Spayed","f",6,1,"AUS",4
"GyhjorTag","Gyhjor","Felis catus",1970-01-01 01:41:00,1970-01-03 10:12:00,TRUE,1,"Neutered","m",3,1,"AUS",8
"sweetpeatag","Sweetpea","Felis catus",1970-01-03 04:57:00,1970-01-01 06:19:00,TRUE,12,"Spayed","f",9,1,"US",7
"motorcattag","Motorcat","Felis catus",1970-01-01 05:13:00,1970-01-02 20:39:00,TRUE,1,"Spayed","f",12,1,"US",14
"Gracietag","Gracie","Felis catus",1970-01-01 04:33:00,1970-01-01 12:22:00,TRUE,4,"Spayed","f",4,1,"US",10
"Lestertag","Lester","Felis catus",1970-01-01 02:27:00,1970-01-01 22:59:00,TRUE,1,"Neutered","m",1,1,"US",13
"LaceyTag","Lacey","Felis catus",1970-01-01 01:24:00,1970-01-03 09:26:00,TRUE,8,"Spayed","f",11,2,"US",3
"Banjo2Tag","Banjo2","Felis catus",1970-01-01 08:36:00,1970-01-02 00:28:00,TRUE,1,"Spayed","f",16,1,"US",9
"Tex2Tag","Tex2","Felis catus",1970-01-02 17:37:00,1970-01-03 11:12:00,TRUE,4,"Spayed","f",11,2,"US",5
"Maddie2Tag","Maddie2","Felis catus",1970-01-01 03:29:00,1970-01-03 04:08:00,TRUE,1,"Spayed","f",10.5,3,"US",10
"Tiger2Tag","Tiger2","Felis catus",1970-01-01 04:33:00,1970-01-03 01:43:00,TRUE,4,"Neutered","m",5,2,"US",5
"OatmealTag","Oatmeal","Felis catus",1970-01-01 02:35:00,1970-01-02 05:43:00,FALSE,0,"Neutered","m",17,2,"US",5
"OscarNTag","OscarN","Felis catus",1970-01-01 02:05:00,1970-01-02 01:27:00,FALSE,0,"Neutered","m",17,1,"US",5
"TonkaTag","Tonka2","Felis catus",1970-01-01 21:51:00,1970-01-03 10:11:00,TRUE,0,"Neutered","m",7.5,1,"US",13
"Jello2Tag","Jello2","Felis catus",1970-01-01 01:58:00,1970-01-03 10:23:00,TRUE,4,"Neutered","m",9,2,"US",3
"Harley2Tag","Harley2","Felis catus",1970-01-01 03:05:00,1970-01-02 17:26:00,TRUE,4,"Spayed","f",24,2,"US",5
"Survivor2Tag","Survivor2","Felis catus",1970-01-01 17:35:00,1970-01-01 03:05:00,TRUE,4,"Neutered","m",13,3,"US",2
"Beatle2Tag","Beatle2","Felis catus",1970-01-01 17:37:00,1970-01-03 11:33:00,FALSE,0,"Neutered","m",10,3,"US",7
"Boris2Tag","Boris2","Felis catus",1970-01-02 18:44:00,1970-01-01 05:47:00,TRUE,4,"Neutered","m",14,2,"US",2
"Natasha2Tag","Natasha2","Felis catus",1970-01-02 03:04:00,1970-01-02 10:26:00,FALSE,0,"Spayed","f",19,2,"US",2
"SasquatchTag","Sasquatch2","Felis catus",1970-01-01 02:44:00,1970-01-01 05:08:00,TRUE,1,"Neutered","m",8,1,"US",4
"Jams2Tag","Jams2","Felis catus",1970-01-01 03:10:00,1970-01-01 06:29:00,TRUE,4,"Neutered","m",11,2,"US",9
"Catniss EverdeenTag","Catniss Everdeen","Felis catus",1970-01-01 02:29:00,1970-01-01 17:15:00,FALSE,0,"Spayed","f",11,2,"US",1
"Donald FluffypantsTag","Donald Fluffypants","Felis catus",1970-01-01 02:34:00,1970-01-02 22:57:00,TRUE,4,"Neutered","m",12,2,"US",3
"JetpackTag","Jetpack","Felis catus",1970-01-01 02:58:00,1970-01-02 03:12:00,TRUE,4,"Spayed","f",12,2,"US",2
"Martha2Tag","Martha Wayne2","Felis catus",1970-01-01 03:30:00,1970-01-01 21:58:00,FALSE,0,"Spayed","f",11,1,"US",3
"JitterbugTag","Jitterbug2","Felis catus",1970-01-01 16:54:00,1970-01-03 10:06:00,TRUE,1,"Spayed","f",9,2,"US",2
"Violet Mae2Tag","Violet Mae2","Felis catus",1970-01-02 22:21:00,1970-01-02 12:03:00,FALSE,0,"Spayed","f",2.5,3,"US",7
"Katniss EverdeenTag","Katniss Everdeen","Felis catus",1970-01-01 02:29:00,1970-01-01 17:15:00,FALSE,0,"Spayed","f",11,2,"US",1
"Ajax2Tag","Ajax2","Felis catus",1970-01-02 11:40:00,1970-01-01 22:42:00,TRUE,4,"Neutered","m",11,2,"US",3
"Shakespeare2Tag","Shakespeare2","Felis catus",1970-01-01 02:29:00,1970-01-01 10:54:00,TRUE,1,"Neutered","m",8,2,"US",4
"Captain America2Tag","Captain America 2","Felis catus",1970-01-02 02:47:00,1970-01-02 23:47:00,TRUE,4,"Neutered","m",5,1,"US",8
"Luna2Tag","Luna2","Felis catus",1970-01-01 02:05:00,1970-01-02 03:40:00,FALSE,0,"Spayed","f",0,1,"US",4
"Little2Tag","Little2","Felis catus",1970-01-01 03:55:00,1970-01-02 08:06:00,FALSE,0,"Neutered","m",0,3,"US",8
"Anubis2Tag","Anubis2","Felis catus",1970-01-01 05:35:00,1970-01-01 20:45:00,TRUE,4,"Neutered","m",0,2,"US",2
"Psycho Kitty2Tag","Psycho Kitty2","Felis catus",1970-01-01 19:05:00,1970-01-03 09:46:00,TRUE,4,"Spayed","f",12,1,"US",7
"Asibo2Tag","Asibo2","Felis catus",1970-01-01 22:56:00,1970-01-02 10:58:00,TRUE,4,"Neutered","m",0,2,"US",2
"Zelda2Tag","Zelda2","Felis catus",1970-01-01 23:30:00,1970-01-02 07:27:00,FALSE,0,"Spayed","f",10,2,"US",3
"Kagin2Tag","Kagin2","Felis catus",1970-01-01 20:25:00,1970-01-01 09:50:00,TRUE,4,"Neutered","m",10,1,"US",5
"Tallulah2Tag","Tallulah2","Felis catus",1970-01-01 02:27:00,1970-01-02 01:06:00,FALSE,0,"Spayed","f",21,2,"US",1
"Tara2Tag","Tara2","Felis catus",1970-01-01 02:50:00,1970-01-03 05:09:00,TRUE,1,"Spayed","f",18,1,"US",14
"Don Carlos2Tag","Don Carlos2","Felis catus",1970-01-01 20:29:00,1970-01-03 04:04:00,TRUE,8,"Neutered","m",20,2,"US",4
"Turtle2Tag","Turtle2","Felis catus",1970-01-02 13:21:00,1970-01-01 12:35:00,FALSE,0,"Spayed","f",10,2,"US",12
"Cat MarshallTag","Cat Marshall","Felis catus",1970-01-01 01:49:00,1970-01-02 01:27:00,FALSE,0,"Spayed","f",10,2,"US",5
"Nola2Tag","Nola2Tag","Felis catus",1970-01-01 02:56:00,1970-01-03 04:37:00,FALSE,0,"Spayed","f",9,1,"US",4
"Zorro2Tag","Zorro2","Felis catus",1970-01-01 20:07:00,1970-01-03 04:09:00,FALSE,0,"Neutered","m",7,2,"US",4
"Piper2Tag","Piper2","Felis catus",1970-01-02 09:23:00,1970-01-01 12:52:00,FALSE,0,"Spayed","f",12,5,"US",1
"Russel2Tag","Russel2","Felis catus",1970-01-01 09:02:00,1970-01-03 09:21:00,TRUE,1,"Neutered","m",10,1,"US",3
"Bean2Tag","Bean2","Felis catus",1970-01-01 01:44:00,1970-01-02 13:49:00,TRUE,4,"Neutered","m",0,5,"US",3
"Roukus2Tag","Roukus2","Felis catus",1970-01-02 19:10:00,1970-01-02 02:32:00,TRUE,16,"Spayed","f",2,2,"US",6
"Hailey2Tag","Hailey2","Felis catus",1970-01-02 04:39:00,1970-01-01 07:24:00,TRUE,8,"Spayed","f",2,7,"US",10
"Emmy2Tag","Emmy2","Felis catus",1970-01-01 02:23:00,1970-01-01 03:46:00,TRUE,0,"Spayed","f",0,2,"US",4
"Snickerdoodle2Tag","Snickerdoodle2","Felis catus",1970-01-01 02:29:00,1970-01-03 05:38:00,TRUE,8,"Spayed","f",11,1,"US",5
"Cayden2Tag","Cayden2","Felis catus",1970-01-01 03:09:00,1970-01-03 03:17:00,FALSE,0,"Neutered","m",9.5,2,"US",4
"Fletcher2Tag","Fletcher2","Felis catus",1970-01-01 03:22:00,1970-01-01 09:41:00,TRUE,4,"Neutered","m",11,1,"US",13
"Mia2Tag","Mia2","Felis catus",1970-01-03 01:41:00,1970-01-02 09:33:00,TRUE,4,"Spayed","f",12,3,"US",4
"Cedar2Tag","Cedar2","Felis catus",1970-01-03 09:35:00,1970-01-01 04:17:00,TRUE,4,"Neutered","m",10,7,"US",14
"Lucky2Tag","Lucky2","Felis catus",1970-01-01 15:16:00,1970-01-03 11:10:00,FALSE,0,"Spayed","f",0,3,"US",11
"Marco2Tag","Marco2","Felis catus",1970-01-02 04:18:00,1970-01-03 10:45:00,TRUE,4,"Neutered","m",13,4,"US",2
"Spencer2Tag","Spencer2","Felis catus",1970-01-03 01:03:00,1970-01-03 00:05:00,TRUE,8,"Neutered","m",8,2,"US",2
"Pumpkin2Tag","Pumpkin2","Felis catus",1970-01-03 06:10:00,1970-01-01 09:53:00,FALSE,0,"Neutered","m",12,1,"US",12
"Jack2Tag","Jack2","Felis catus",1970-01-01 06:47:00,1970-01-03 05:23:00,FALSE,0,"Neutered","m",16,1,"US",5
"Starbuck2Tag","Starbuck2","Felis catus",1970-01-01 04:43:00,1970-01-03 00:53:00,TRUE,1,"Neutered","m",11,1,"US",6
"Schubie2Tag","Schubie2","Felis catus",1970-01-02 06:22:00,1970-01-02 20:48:00,FALSE,0,"Spayed","f",11,1,"US",7
"Merrie2Tag","Merrie2","Felis catus",1970-01-02 08:47:00,1970-01-01 09:29:00,TRUE,4,"Spayed","f",11,1,"US",7
"HersheyTag","Hershey","Felis catus",1970-01-01 05:27:00,1970-01-03 09:01:00,TRUE,4,"Neutered","m",13.5,1,"US",7
"PumpkinKTag","Pumpkin Kane","Felis catus",1970-01-01 03:33:00,1970-01-02 00:16:00,TRUE,12,"Spayed","f",12,1,"US",8
"TabascoTag","Tabasco","Felis catus",1970-01-01 03:49:00,1970-01-02 09:55:00,TRUE,4,"Neutered","m",0,1,"US",11
"PringleTag","Pringle","Felis catus",1970-01-01 03:10:00,1970-01-03 08:53:00,TRUE,1,"Spayed","f",11,1,"US",5
"BelugaTag","Beluga","Felis catus",1970-01-01 02:26:00,1970-01-03 10:08:00,FALSE,0,"Neutered","m",12,11,"US",2
"NiaTag","Nia","Felis catus",1970-01-01 16:33:00,1970-01-03 10:22:00,TRUE,1,"Spayed","f",16,1,"US",4
"OscarL Tag","Oscar L","Felis catus",1970-01-01 05:03:00,1970-01-03 11:36:00,TRUE,4,"Neutered","m",12,4,"US",11
"Goliath2Tag","Goliath2","Felis catus",1970-01-01 15:04:00,1970-01-01 03:11:00,TRUE,4,"Neutered","m",10,1,"US",6
"HemingwayTag","Hemingway","Felis catus",1970-01-01 00:31:00,1970-01-03 11:57:00,TRUE,1,"Neutered","m",8,2,"US",4
"MistyTag","Misty","Felis catus",1970-01-03 01:05:00,1970-01-02 20:43:00,TRUE,4,"Spayed","f",24,2,"US",3
"OscarJ Tag","Oscar J","Felis catus",1970-01-01 01:50:00,1970-01-03 11:05:00,TRUE,4,"Neutered","m",10,1,"US",2
"PeanutTag","Peanut","Felis catus",1970-01-01 11:36:00,1970-01-03 09:22:00,TRUE,4,"Spayed","f",12,3,"US",1
"Mr.LuckyTag","Mr.Lucky","Felis catus",1970-01-02 08:04:00,1970-01-03 06:58:00,FALSE,0,"Neutered","m",12,2,"US",3
"PolyTag","Poly","Felis catus",1970-01-02 08:52:00,1970-01-03 09:46:00,TRUE,8,"Spayed","f",20,1,"US",4
"BooBooKittyTag","BooBooKitty","Felis catus",1970-01-01 19:48:00,1970-01-02 18:08:00,FALSE,0,"Spayed","f",14,1,"US",12
"SheldonTag","Sheldon","Felis catus",1970-01-01 02:20:00,1970-01-01 05:20:00,TRUE,8,"Spayed","f",13,2,"US",7
"Atticus Tag","Atticus","Felis catus",1970-01-01 01:03:00,1970-01-03 07:19:00,TRUE,1,"Neutered","m",24,3,"US",8
"Frank","Frank","Felis catus",1970-01-01 08:03:00,1970-01-03 01:43:00,TRUE,12,"Neutered","m",12,2,"US",3
"CoalTag","Coal","Felis catus",1970-01-01 09:52:00,1970-01-03 10:29:00,TRUE,4,"Neutered","m",16,2,"US",7
"DouglasTag","Douglas","Felis catus",1970-01-01 02:37:00,1970-01-03 11:44:00,TRUE,1,"Neutered","m",11,2,"US",7
"SpikeTag","Spike","Felis catus",1970-01-01 18:07:00,1970-01-03 09:20:00,TRUE,4,"Neutered","m",10,3,"US",4
"SylvesterTag","Sylvester","Felis catus",1970-01-01 05:52:00,1970-01-03 10:35:00,TRUE,4,"Neutered","m",14,2,"US",7
"OrangeTag","Orange","Felis catus",1970-01-02 03:28:00,1970-01-03 06:02:00,TRUE,4,"Spayed","f",20,2,"US",4
"Justice","Justice","Felis catus",1970-01-02 15:03:00,1970-01-03 10:20:00,FALSE,0,"Neutered","m",0.75,2,"US",9
"ZoeyTag","Zoey","Felis catus",1970-01-01 02:28:00,1970-01-03 09:23:00,TRUE,12,"Spayed","f",12,3,"US",5
"MinnieH Tag","Minnie H","Felis catus",1970-01-01 02:35:00,1970-01-03 09:20:00,FALSE,0,"Spayed","f",12,3,"US",14
"PicchuTag","Picchu","Felis catus",1970-01-02 10:17:00,1970-01-02 12:35:00,TRUE,4,"Neutered","m",6,2,"US",9
"RockyTag","Rocky","Felis catus",1970-01-01 17:56:00,1970-01-03 00:25:00,TRUE,4,"Neutered","m",15.5,3,"US",9
"Louie","LouieTag","Felis catus",1970-01-01 02:04:00,1970-01-03 11:48:00,FALSE,0,"Neutered","m",14,1,"US",5
"Mindy2Tag","Mindy2","Felis catus",1970-01-02 18:07:00,1970-01-02 23:54:00,TRUE,8,"Spayed","f",12,3,"US",5
"JoeyTag","Joey","Felis catus",1970-01-01 13:33:00,1970-01-02 14:35:00,TRUE,4,"Neutered","m",8,4,"US",10
"MiloTag","Milo","Felis catus",1970-01-01 00:34:00,1970-01-03 11:04:00,TRUE,8,"Neutered","m",11,1,"US",3
"ElleTag","Elle","Felis catus",1970-01-01 16:34:00,1970-01-02 17:23:00,FALSE,0,"Spayed","f",2,4,"US",5
"BennyTag","Benny","Felis catus",1970-01-01 00:35:00,1970-01-01 20:29:00,TRUE,8,"Neutered","m",18,2,"US",4
"PeanutRTag","PeanutR","Felis catus",1970-01-01 00:35:00,1970-01-01 20:21:00,TRUE,8,"Neutered","m",9.5,2,"US",4
"FranklinTag","Franklin","Felis catus",1970-01-01 05:01:00,1970-01-03 10:55:00,TRUE,8,"Neutered","m",6,2,"US",8
"Junior2Tag","Junior2","Felis catus",1970-01-01 19:42:00,1970-01-03 09:25:00,TRUE,1,"Neutered","m",12,2,"US",6
"ConanTag","Conan","Felis catus",1970-01-03 04:53:00,1970-01-03 11:30:00,TRUE,1,"Neutered","m",1,1,"US",13
"Gianni2Tag","Gianni2","Felis catus",1970-01-01 19:44:00,1970-01-01 04:21:00,TRUE,8,"Neutered","m",6,4,"US",10
"SmattieTag","Smattie","Felis catus",1970-01-01 09:58:00,1970-01-03 00:29:00,TRUE,8,"Neutered","m",6,4,"US",6
"Seth2Tag","Seth2","Felis catus",1970-01-01 02:12:00,1970-01-01 08:25:00,FALSE,0,"Neutered","m",13,6,"US",4
"Aya2Tag","Aya2","Felis catus",1970-01-01 16:16:00,1970-01-02 02:41:00,TRUE,4,"Neutered","m",8,2,"US",3
"Fiona2Tag","Fiona2","Felis catus",1970-01-01 02:34:00,1970-01-03 11:11:00,TRUE,20,"Spayed","f",13,2,"US",1
"Purrcy2Tag","Purrcy2","Felis catus",1970-01-01 02:56:00,1970-01-03 08:46:00,TRUE,8,"Neutered","m",13,3,"US",5
"George2Tag","George2","Felis catus",1970-01-01 04:04:00,1970-01-03 11:46:00,TRUE,16,"Neutered","m",13,2,"US",1
"Selkie2Tag","Selkie2","Felis catus",1970-01-01 07:05:00,1970-01-03 10:00:00,TRUE,4,"Spayed","f",22,4,"US",5
"Reggie2Tag","Reggie2","Felis catus",1970-01-01 18:36:00,1970-01-03 11:20:00,FALSE,0,"Neutered","m",12,1,"US",13
"Asher2Tag","Asher2","Felis catus",1970-01-01 02:50:00,1970-01-02 00:45:00,TRUE,8,"Neutered","m",11,1,"US",3
"Climber2Tag","Climber2","Felis catus",1970-01-01 05:38:00,1970-01-02 02:09:00,TRUE,4,"Neutered","m",0,2,"US",9
"Sunny2Tag","Sunny2","Felis catus",1970-01-02 14:50:00,1970-01-03 11:52:00,FALSE,0,"Spayed","f",0,2,"US",9
"Nikki2Tag","Nikki2","Felis catus",1970-01-01 02:15:00,1970-01-01 09:19:00,TRUE,4,"Spayed","f",3,2,"US",8
"Bumbles2Tag","Bumbles2","Felis catus",1970-01-01 01:44:00,1970-01-03 03:43:00,TRUE,12,"Neutered","m",12,2,"US",9
"Bela2Tag","Bela2","Felis catus",1970-01-01 03:22:00,1970-01-03 11:42:00,TRUE,1,"Neutered","m",12,2,"US",2
"Pickles2Tag","Pickles2","Felis catus",1970-01-01 05:57:00,1970-01-03 01:44:00,TRUE,12,"Neutered","m",5,2,"US",3
"Bongo2Tag","Bongo2","Felis catus",1970-01-01 02:34:00,1970-01-03 10:37:00,TRUE,12,"Neutered","m",12,1,"US",4
"Lupe2Tag","Lupe2","Felis catus",1970-01-01 02:04:00,1970-01-03 10:32:00,TRUE,12,"Neutered","m",7,2,"US",4
"Chester2Tag","Chester2","Felis catus",1970-01-01 22:14:00,1970-01-03 10:56:00,TRUE,4,"Neutered","m",10,2,"US",4
"Maisey2Tag","Maisey2","Felis catus",1970-01-02 23:57:00,1970-01-01 01:21:00,TRUE,4,"Spayed","f",12,2,"US",2
"Jingles2Tag","Jingles2","Felis catus",1970-01-01 05:26:00,1970-01-03 09:17:00,TRUE,28,"Neutered","m",15,1,"US",8
"Misu2Tag","Misu2","Felis catus",1970-01-01 02:22:00,1970-01-03 09:35:00,TRUE,4,"Neutered","m",13,1,"US",9
"NattyBumpo2Tag","NattyBumpo2","Felis catus",1970-01-02 23:14:00,1970-01-02 05:29:00,TRUE,12,"Spayed","f",13,2,"US",8
"Fenimore Cooper2Tag","Fenimore Cooper2","Felis catus",1970-01-01 02:30:00,1970-01-02 06:00:00,TRUE,4,"Neutered","m",12,2,"US",8
"Penelope2Tag","Penelope2","Felis catus",1970-01-01 03:15:00,1970-01-03 11:04:00,TRUE,8,"Spayed","f",10,1,"US",3
"Bella2Tag","Bella2","Felis catus",1970-01-01 02:43:00,1970-01-03 10:08:00,TRUE,8,"Spayed","f",10.5,4,"US",5
"Gracie L2 Tag","Gracie L2","Felis catus",1970-01-01 02:57:00,1970-01-02 18:44:00,TRUE,4,"Spayed","f",10.5,4,"US",16
"Solo2Tag","Solo2","Felis catus",1970-01-02 11:49:00,1970-01-03 10:27:00,FALSE,0,"Neutered","m",13,2,"US",2
"Oreo2Tag","Oreo2","Felis catus",1970-01-01 01:53:00,1970-01-03 09:29:00,TRUE,8,"Neutered","m",7,3,"US",5
"Ladybird2Tag","Ladybird2","Felis catus",1970-01-01 05:32:00,1970-01-02 11:34:00,TRUE,4,"Spayed","f",17,6,"US",10
"Striper2Tag","Striper2","Felis catus",1970-01-01 05:33:00,1970-01-03 10:08:00,TRUE,4,"Spayed","f",16.5,6,"US",10
"Billy Whiskers2Tag","Billy Whiskers2","Felis catus",1970-01-01 06:06:00,1970-01-03 00:20:00,TRUE,4,"Neutered","m",9,6,"US",2
"Baby Kitty2Tag","Baby Kitty 2","Felis catus",1970-01-01 06:08:00,1970-01-01 07:37:00,TRUE,8,"Not fixed","m",9.5,6,"US",1
"Diamond2Tag","Diamond2","Felis catus",1970-01-01 07:10:00,1970-01-01 01:11:00,TRUE,16,"Spayed","f",12,6,"US",2
"Smokey2Tag","Smokey2","Felis catus",1970-01-02 23:34:00,1970-01-02 09:33:00,TRUE,4,"Neutered","m",12,2,"US",3
"Shadow2Tag","Shadow2","Felis catus",1970-01-03 00:01:00,1970-01-03 05:48:00,TRUE,4,"Neutered","m",12,2,"US",3
"Senor2Tag","Senor2","Felis catus",1970-01-01 03:23:00,1970-01-02 05:39:00,TRUE,4,"Neutered","m",0,2,"US",13
"Sandstorm2Tag","Sandstorm2","Felis catus",1970-01-03 05:52:00,1970-01-01 03:12:00,TRUE,4,"Spayed","f",6,2,"US",4
"Oliver2Tag","Oliver2","Felis catus",1970-01-01 02:43:00,1970-01-03 11:06:00,TRUE,8,"Neutered","m",12,1,"US",7
"Herman2Tag","Herman2","Felis catus",1970-01-01 21:48:00,1970-01-01 05:22:00,TRUE,4,"Neutered","m",16,2,"US",8
"Willy2Tag","Willy2","Felis catus",1970-01-01 01:59:00,1970-01-03 11:41:00,TRUE,8,"Neutered","m",12,1,"US",13
"SparklesTag","Sparkles","Felis catus",1970-01-02 09:46:00,1970-01-03 10:22:00,FALSE,0,"Neutered","m",13,2,"US",4
"ZiggyTag","Ziggy","Felis catus",1970-01-01 02:11:00,1970-01-03 11:32:00,TRUE,1,"Neutered","m",11,1,"US",8
"ParkerTag","Parker","Felis catus",1970-01-01 01:25:00,1970-01-03 08:05:00,TRUE,4,"Neutered","m",12,1,"US",6
